,coin_name,exchange_name,pair,price,updated,volume_24h,volume_pc
0,Ethereum,Binance,ETH/BTC,$739.80,Recently,"$232,900,000",9.72%
1,Ethereum,OKEx,ETH/BTC,$742.16,Recently,"$152,839,000",6.38%
2,Ethereum,Ethfinex,ETH/USD,$724.23,Recently,"$90,476,400",3.78%
3,Ethereum,Bitfinex,ETH/USD,$723.61,Recently,"$90,406,100",3.77%
4,Ethereum,Binance,TRX/ETH,$751.62,Recently,"$82,382,900",3.44%
5,Ethereum,Bit-Z,ETH/BTC,$737.82,Recently,"$75,515,200",3.15%
6,Ethereum,OKEx,ETH/USDT,$725.07,Recently,"$73,372,000",3.06%
7,Ethereum,Bithumb,ETH/KRW,$960.48,Recently,"$70,702,600",2.95%
8,Ethereum,HitBTC,ETH/BTC,$738.14,Recently,"$70,156,800",2.93%
9,Ethereum,Binance,XRP/ETH,$734.28,Recently,"$69,874,100",2.92%
10,Ethereum,Binance,XVG/ETH,$758.96,Recently,"$66,588,900",2.78%
11,Ethereum,Bittrex,ETH/BTC,$738.75,Recently,"$61,570,200",2.57%
12,Ethereum,GDAX,ETH/USD,$728.91,Recently,"$61,460,800",2.56%
13,Ethereum,Poloniex,ETH/BTC,$737.63,Recently,"$50,280,000",2.10%
14,Ethereum,Binance,ETH/USDT,$723.71,Recently,"$42,548,200",1.78%
15,Ethereum,Bitfinex,ETH/BTC,$737.76,Recently,"$39,676,700",1.66%
16,Ethereum,Huobi,ETH/USDT,$724.95,Recently,"$32,600,500",1.36%
17,Ethereum,Binance,MCO/ETH,$735.37,Recently,"$26,470,500",1.10%
18,Ethereum,CoinEgg,ETH/BTC,$750.03,Recently,"$24,490,800",1.02%
19,Ethereum,Binance,ADA/ETH,$736.20,Recently,"$23,365,600",0.97%
20,Ethereum,Huobi,SMT/ETH,$728.10,Recently,"$22,020,300",0.92%
21,Ethereum,Coinone,ETH/KRW,$960.76,Recently,"$20,617,400",0.86%
22,Ethereum,Kraken,ETH/EUR,$754.94,Recently,"$19,999,700",0.83%
23,Ethereum,Huobi,ETH/BTC,$738.63,Recently,"$19,800,400",0.83%
24,Ethereum,Gemini,ETH/USD,$724.69,Recently,"$18,019,500",0.75%
25,Ethereum,GDAX,ETH/BTC,$740.80,Recently,"$16,520,900",0.69%
26,Ethereum,Binance,REQ/ETH,$761.81,Recently,"$16,249,100",0.68%
27,Ethereum,Bitstamp,ETH/USD,$726.18,Recently,"$16,049,700",0.67%
28,Ethereum,YoBit,ETH/BTC,$735.35,Recently,"$15,238,000",0.64%
29,Ethereum,Binance,EOS/ETH,$721.96,Recently,"$14,060,200",0.59%
30,Ethereum,ZB.COM,ETH/USDT,$814.32,Recently,"$13,899,700",0.58%
31,Ethereum,Livecoin,ETH/BTC,$736.05,Recently,"$13,706,500",0.57%
32,Ethereum,Binance,XLM/ETH,$745.83,Recently,"$13,572,700",0.57%
33,Ethereum,Bibox,BIX/ETH,$741.12,Recently,"$13,146,600",0.55%
34,Ethereum,Bittrex,ETH/USDT,$727.41,Recently,"$11,867,500",0.50%
35,Ethereum,Poloniex,ETH/USDT,$722.67,Recently,"$11,656,400",0.49%
36,Ethereum,Korbit,ETH/KRW,$961.79,Recently,"$11,548,500",0.48%
37,Ethereum,Kraken,ETH/USD,$730.29,Recently,"$11,479,100",0.48%
38,Ethereum,Kraken,ETH/BTC,$736.17,Recently,"$11,004,600",0.46%
39,Ethereum,Binance,POE/ETH,$734.65,Recently,"$10,219,700",0.43%
40,Ethereum,GDAX,ETH/EUR,$767.08,Recently,"$9,452,360",0.39%
41,Ethereum,CoolCoin,ETH/BTC,$735.35,Recently,"$9,073,500",0.38%
42,Ethereum,HitBTC,ETH/USDT,$726.64,Recently,"$8,744,420",0.36%
43,Ethereum,Bitstamp,ETH/BTC,$738.75,Recently,"$8,733,170",0.36%
44,Ethereum,Bittrex,XRP/ETH,$737.37,Recently,"$8,522,730",0.36%
45,Ethereum,RightBTC,ETH/BTC,$738.48,Recently,"$8,507,600",0.35%
46,Ethereum,Binance,IOTA/ETH,$724.90,Recently,"$8,493,640",0.35%
47,Ethereum,Binance,LTC/ETH,$735.00,Recently,"$8,371,850",0.35%
48,Ethereum,Binance,NEO/ETH,$717.83,Recently,"$8,348,350",0.35%
49,Ethereum,Binance,SNT/ETH,$725.77,Recently,"$8,129,490",0.34%
50,Ethereum,Mr. Exchange,BTC/ETH,$735.82,Recently,"$7,632,250",0.32%
51,Ethereum,Binance,ICX/ETH,$708.01,Recently,"$7,446,840",0.31%
52,Ethereum,Binance,HSR/ETH,$784.83,Recently,"$7,297,880",0.30%
53,Ethereum,Gate.io,ETH/USDT,$720.97,Recently,"$7,180,000",0.30%
54,Ethereum,Huobi,WAX/ETH,$740.43,Recently,"$7,111,350",0.30%
55,Ethereum,Bitstamp,ETH/EUR,$728.56,Recently,"$6,993,910",0.29%
56,Ethereum,Binance,QSP/ETH,$728.83,Recently,"$6,791,070",0.28%
57,Ethereum,Binance,FUN/ETH,$728.01,Recently,"$6,687,040",0.28%
58,Ethereum,Binance,BRD/ETH,$735.56,Recently,"$6,606,960",0.28%
59,Ethereum,Huobi,ELF/ETH,$733.33,Recently,"$6,565,720",0.27%
60,Ethereum,Tidex,ETH/BTC,$741.17,Recently,"$5,919,490",0.25%
61,Ethereum,Binance,OMG/ETH,$724.65,Recently,"$5,877,890",0.25%
62,Ethereum,OKEx,ELF/ETH,$743.34,Recently,"$5,860,500",0.24%
63,Ethereum,CEX.IO,ETH/USD,$818.20,Recently,"$5,850,300",0.24%
64,Ethereum,Binance,ELF/ETH,$724.14,Recently,"$5,628,550",0.23%
65,Ethereum,Ethfinex,EOS/ETH,$722.31,Recently,"$5,417,600",0.23%
66,Ethereum,Bitfinex,EOS/ETH,$722.31,Recently,"$5,416,330",0.23%
67,Ethereum,Binance,WABI/ETH,$732.88,Recently,"$5,399,640",0.23%
68,Ethereum,Liqui,TRX/ETH,$787.89,Recently,"$5,310,500",0.22%
69,Ethereum,OKEx,ICX/ETH,$726.41,Recently,"$5,174,660",0.22%
70,Ethereum,Gemini,ETH/BTC,$742.57,Recently,"$5,101,400",0.21%
71,Ethereum,Huobi,VEN/ETH,$742.21,Recently,"$5,086,580",0.21%
72,Ethereum,Binance,BNB/ETH,$735.22,Recently,"$4,825,000",0.20%
73,Ethereum,Binance,LEND/ETH,$747.26,Recently,"$4,726,180",0.20%
74,Ethereum,Huobi,CVC/ETH,$741.75,Recently,"$4,691,790",0.20%
75,Ethereum,Coinnest,ETH/KRW,$847.87,Recently,"$4,556,380",0.19%
76,Ethereum,Kucoin,DBC/ETH,$742.96,Recently,"$4,332,520",0.18%
77,Ethereum,Binance,VEN/ETH,$738.60,Recently,"$4,304,140",0.18%
78,Ethereum,Huobi,ITC/ETH,$759.75,Recently,"$4,282,570",0.18%
79,Ethereum,Kucoin,ETH/BTC,$738.08,Recently,"$4,211,160",0.18%
80,Ethereum,BitGrail,ETH/XRB,$671.69,Recently,"$4,205,720",0.18%
81,Ethereum,Huobi,NAS/ETH,$725.74,Recently,"$4,083,560",0.17%
82,Ethereum,Binance,BCC/ETH,$739.69,Recently,"$4,036,430",0.17%
83,Ethereum,Binance,CDT/ETH,$732.41,Recently,"$3,809,400",0.16%
84,Ethereum,Binance,OAX/ETH,$727.11,Recently,"$3,773,440",0.16%
85,Ethereum,HitBTC,BCH/ETH,$734.75,Recently,"$3,530,500",0.15%
86,Ethereum,Bittrex,OMG/ETH,$705.53,Recently,"$3,468,740",0.14%
87,Ethereum,Huobi,SALT/ETH,$730.90,Recently,"$3,285,290",0.14%
88,Ethereum,Exmo,ETH/BTC,$735.35,Recently,"$3,276,640",0.14%
89,Ethereum,Bitfinex,MIOTA/ETH,$720.55,Recently,"$3,253,200",0.14%
90,Ethereum,Binance,QTUM/ETH,$721.79,Recently,"$3,252,040",0.14%
91,Ethereum,Exmo,ETH/USD,$792.67,Recently,"$3,223,780",0.13%
92,Ethereum,BitGrail,ETH/BTC,$682.24,Recently,"$3,185,890",0.13%
93,Ethereum,Huobi,HSR/ETH,$768.75,Recently,"$3,122,680",0.13%
94,Ethereum,Binance,ZRX/ETH,$738.60,Recently,"$2,996,130",0.13%
95,Ethereum,Bibox,ITC/ETH,$730.30,Recently,"$2,949,820",0.12%
96,Ethereum,Bittrex,ADA/ETH,$744.56,Recently,"$2,944,090",0.12%
97,Ethereum,Huobi,GAS/ETH,$762.38,Recently,"$2,936,210",0.12%
98,Ethereum,Binance,MOD/ETH,$733.05,Recently,"$2,908,990",0.12%
99,Ethereum,Cryptopia,ETH/BTC,$734.00,Recently,"$2,872,010",0.12%
100,Ethereum,Liqui,ETH/BTC,$732.70,Recently,"$2,806,820",0.12%
101,Ethereum,BTC Markets,ETH/AUD,$784.66,Recently,"$2,789,320",0.12%
102,Ethereum,Binance,WINGS/ETH,$736.08,Recently,"$2,637,100",0.11%
103,Ethereum,Binance,BTS/ETH,$770.24,Recently,"$2,599,600",0.11%
104,Ethereum,CoinFalcon,ETH/BTC,$739.85,Recently,"$2,567,090",0.11%
105,Ethereum,Binance,FUEL/ETH,$737.97,Recently,"$2,520,230",0.11%
106,Ethereum,Binance,SALT/ETH,$738.00,Recently,"$2,490,050",0.10%
107,Ethereum,Bibox,BTM/ETH,$745.25,Recently,"$2,448,020",0.10%
108,Ethereum,Binance,POWR/ETH,$751.80,Recently,"$2,399,330",0.10%
109,Ethereum,Bittrex,BCC/ETH,$731.40,Recently,"$2,358,240",0.10%
110,Ethereum,OKEx,MANA/ETH,$727.87,Recently,"$2,296,430",0.10%
111,Ethereum,Koinex,ETH/INR,$1024.25,Recently,"$2,287,740",0.10%
112,Ethereum,Binance,LRC/ETH,$733.02,Recently,"$2,283,430",0.10%
113,Ethereum,WEX,ETH/USD,$726.73,Recently,"$2,240,110",0.09%
114,Ethereum,Binance,OST/ETH,$733.93,Recently,"$2,211,200",0.09%
115,Ethereum,Binance,CND/ETH,$742.23,Recently,"$2,206,430",0.09%
116,Ethereum,Binance,MANA/ETH,$738.15,Recently,"$2,206,420",0.09%
117,Ethereum,TOPBTC,ETH/BTC,$729.44,Recently,"$2,205,780",0.09%
118,Ethereum,Binance,TNB/ETH,$740.74,Recently,"$2,190,450",0.09%
119,Ethereum,Bittrex,SNT/ETH,$720.16,Recently,"$2,147,700",0.09%
120,Ethereum,Bittrex,XLM/ETH,$735.31,Recently,"$2,144,460",0.09%
121,Ethereum,Huobi,EOS/ETH,$717.33,Recently,"$2,109,090",0.09%
122,Ethereum,QuadrigaCX,ETH/CAD,$786.79,Recently,"$2,093,420",0.09%
123,Ethereum,Huobi,RDN/ETH,$741.93,Recently,"$2,084,750",0.09%
124,Ethereum,Binance,AION/ETH,$733.60,Recently,"$2,073,180",0.09%
125,Ethereum,EtherDelta,KIN/ETH,$793.42,Recently,"$2,068,150",0.09%
126,Ethereum,Gatehub,XRP/ETH,$744.16,Recently,"$2,064,450",0.09%
127,Ethereum,Binance,LINK/ETH,$729.81,Recently,"$2,059,020",0.09%
128,Ethereum,Quoine,ETH/JPY,$739.07,Recently,"$2,050,440",0.09%
129,Ethereum,Huobi,BAT/ETH,$735.73,Recently,"$2,040,970",0.09%
130,Ethereum,Mercatox,ETH/BTC,$725.12,Recently,"$2,000,950",0.08%
131,Ethereum,Huobi,MCO/ETH,$729.20,Recently,"$1,959,200",0.08%
132,Ethereum,Binance,ENJ/ETH,$758.55,Recently,"$1,944,740",0.08%
133,Ethereum,Binance,CMT/ETH,$738.51,Recently,"$1,891,670",0.08%
134,Ethereum,WEX,ETH/BTC,$737.53,Recently,"$1,882,660",0.08%
135,Ethereum,Binance,RDN/ETH,$746.01,Recently,"$1,810,760",0.08%
136,Ethereum,Liqui,ADX/ETH,$740.02,Recently,"$1,794,780",0.07%
137,Ethereum,Kucoin,QLC/ETH,$755.82,Recently,"$1,775,320",0.07%
138,Ethereum,Kucoin,DRGN/ETH,$735.48,Recently,"$1,748,440",0.07%
139,Ethereum,Kucoin,UTK/ETH,$751.88,Recently,"$1,745,170",0.07%
140,Ethereum,Binance,ADX/ETH,$738.70,Recently,"$1,700,550",0.07%
141,Ethereum,Binance,ETC/ETH,$722.16,Recently,"$1,691,260",0.07%
142,Ethereum,bitFlyer,ETH/BTC,$736.85,Recently,"$1,685,010",0.07%
143,Ethereum,HitBTC,SNC/ETH,$738.73,Recently,"$1,682,610",0.07%
144,Ethereum,Gate.io,ETH/BTC,$742.27,Recently,"$1,680,410",0.07%
145,Ethereum,BigONE,ETH/BTC,$747.01,Recently,"$1,677,440",0.07%
146,Ethereum,Binance,XMR/ETH,$726.94,Recently,"$1,639,160",0.07%
147,Ethereum,Huobi,BTM/ETH,$740.76,Recently,"$1,630,730",0.07%
148,Ethereum,Binance,SNGLS/ETH,$730.22,Recently,"$1,575,990",0.07%
149,Ethereum,HitBTC,LA/ETH,$734.53,Recently,"$1,544,910",0.06%
150,Ethereum,CoinExchange,ETH/BTC,$728.29,Recently,"$1,544,100",0.06%
151,Ethereum,Binance,KNC/ETH,$747.94,Recently,"$1,531,330",0.06%
152,Ethereum,Binance,CTR/ETH,$743.97,Recently,"$1,524,330",0.06%
153,Ethereum,BTCTurk,ETH/TRY,$758.71,Recently,"$1,509,390",0.06%
154,Ethereum,BX Thailand,ETH/THB,$842.86,Recently,"$1,509,330",0.06%
155,Ethereum,HitBTC,XEM/ETH,$747.35,Recently,"$1,478,550",0.06%
156,Ethereum,Liqui,ETH/USDT,$719.64,Recently,"$1,454,530",0.06%
157,Ethereum,Bittrex,FUN/ETH,$756.22,Recently,"$1,443,780",0.06%
158,Ethereum,Bitfinex,OMG/ETH,$717.86,Recently,"$1,412,210",0.06%
159,Ethereum,Ethfinex,OMG/ETH,$717.86,Recently,"$1,412,210",0.06%
160,Ethereum,Kucoin,RPX/ETH,$733.89,Recently,"$1,405,780",0.06%
161,Ethereum,Huobi,MANA/ETH,$740.83,Recently,"$1,401,260",0.06%
162,Ethereum,Mercatox,KIN/ETH,$742.32,Recently,"$1,399,290",0.06%
163,Ethereum,Bittrex,NEO/ETH,$723.27,Recently,"$1,381,770",0.06%
164,Ethereum,Binance,GTO/ETH,$742.88,Recently,"$1,374,130",0.06%
165,Ethereum,Liqui,GUP/ETH,$735.97,Recently,"$1,367,240",0.06%
166,Ethereum,Binance,SUB/ETH,$740.33,Recently,"$1,361,040",0.06%
167,Ethereum,Bibox,RDN/ETH,$719.33,Recently,"$1,323,350",0.06%
168,Ethereum,Huobi,QTUM/ETH,$717.61,Recently,"$1,322,820",0.06%
169,Ethereum,Binance,STORJ/ETH,$740.73,Recently,"$1,267,880",0.05%
170,Ethereum,Huobi,CMT/ETH,$725.50,Recently,"$1,267,140",0.05%
171,Ethereum,Binance,DASH/ETH,$734.43,Recently,"$1,261,620",0.05%
172,Ethereum,Bittrex,LTC/ETH,$727.70,Recently,"$1,258,280",0.05%
173,Ethereum,Independent Reserve,ETH/AUD,$780.85,Recently,"$1,248,170",0.05%
174,Ethereum,Bit-Z,ZSC/ETH,$709.83,Recently,"$1,229,870",0.05%
175,Ethereum,Huobi,OMG/ETH,$718.65,Recently,"$1,223,610",0.05%
176,Ethereum,EtherDelta,DRGN/ETH,$758.86,Recently,"$1,214,770",0.05%
177,Ethereum,AEX,ETH/BITCNY,$776.24,Recently,"$1,205,900",0.05%
178,Ethereum,Huobi,TNB/ETH,$737.09,Recently,"$1,203,880",0.05%
179,Ethereum,EXX,ETH/BTC,$732.36,Recently,"$1,193,720",0.05%
180,Ethereum,Binance,AST/ETH,$736.26,Recently,"$1,165,780",0.05%
181,Ethereum,Bitfinex,SNT/ETH,$700.59,Recently,"$1,162,440",0.05%
182,Ethereum,Ethfinex,SNT/ETH,$700.59,Recently,"$1,162,440",0.05%
183,Ethereum,BtcTrade.im,ETH/BTC,$747.15,Recently,"$1,157,600",0.05%
184,Ethereum,Bancor Network,BNT/ETH,$731.47,Recently,"$1,152,080",0.05%
185,Ethereum,Binance,AMB/ETH,$739.26,Recently,"$1,151,740",0.05%
186,Ethereum,CEX.IO,ETH/BTC,$735.15,Recently,"$1,138,210",0.05%
187,Ethereum,Binance,DNT/ETH,$750.28,Recently,"$1,124,820",0.05%
188,Ethereum,HitBTC,NGC/ETH,$746.05,Recently,"$1,120,460",0.05%
189,Ethereum,EtherDelta,AION/ETH,$737.53,Recently,"$1,115,980",0.05%
190,Ethereum,Binance,MDA/ETH,$736.54,Recently,"$1,102,650",0.05%
191,Ethereum,Binance,ENG/ETH,$737.33,Recently,"$1,101,570",0.05%
192,Ethereum,QuadrigaCX,ETH/BTC,$743.52,Recently,"$1,096,840",0.05%
193,Ethereum,Coinbene,ETH/BTC,$750.33,Recently,"$1,095,620",0.05%
194,Ethereum,Bitcoin Indonesia,ETH/IDR,$870.44,Recently,"$1,073,830",0.04%
195,Ethereum,OKEx,GNX/ETH,$731.32,Recently,"$1,058,560",0.04%
196,Ethereum,Binance,WTC/ETH,$790.88,Recently,"$994,999",0.04%
197,Ethereum,Huobi,QSP/ETH,$749.90,Recently,"$990,913",0.04%
198,Ethereum,Bitfinex,BCH/ETH,$731.81,Recently,"$975,876",0.04%
199,Ethereum,HitBTC,MAID/ETH,$757.17,Recently,"$960,471",0.04%
200,Ethereum,Gate.io,NAS/ETH,$752.49,Recently,"$958,884",0.04%
201,Ethereum,ZB.COM,ETH/BTC,$740.80,Recently,"$958,678",0.04%
202,Ethereum,Binance,MTH/ETH,$740.62,Recently,"$938,984",0.04%
203,Ethereum,Poloniex,OMG/ETH,$718.61,Recently,"$927,941",0.04%
204,Ethereum,Kucoin,KCS/ETH,$741.75,Recently,"$920,107",0.04%
205,Ethereum,Kraken,ICN/ETH,$737.34,Recently,"$900,507",0.04%
206,Ethereum,Bitso,ETH/MXN,$826.94,Recently,"$900,249",0.04%
207,Ethereum,HitBTC,XVG/ETH,$704.48,Recently,"$884,438",0.04%
208,Ethereum,Exmo,ETH/RUB,$807.12,Recently,"$881,724",0.04%
209,Ethereum,Kraken,EOS/ETH,$726.40,Recently,"$872,342",0.04%
210,Ethereum,Binance,TRIG/ETH,$734.91,Recently,"$868,329",0.04%
211,Ethereum,OKEx,HSR/ETH,$763.70,Recently,"$854,285",0.04%
212,Ethereum,Quoine,QASH/ETH,$729.96,Recently,"$844,430",0.04%
213,Ethereum,Huobi,RCN/ETH,$732.73,Recently,"$837,895",0.03%
214,Ethereum,BitBay,ETH/PLN,$781.07,Recently,"$822,553",0.03%
215,Ethereum,Bittrex,ETC/ETH,$701.64,Recently,"$809,272",0.03%
216,Ethereum,Binance,BAT/ETH,$730.78,Recently,"$803,662",0.03%
217,Ethereum,HitBTC,CAPP/ETH,$578.98,79 hours ago,"$801,901",0.00%
218,Ethereum,OKEx,VEE/ETH,$748.64,Recently,"$798,353",0.03%
219,Ethereum,HitBTC,XMR/ETH,$725.33,Recently,"$789,693",0.03%
220,Ethereum,HitBTC,SPF/ETH,$727.05,Recently,"$778,426",0.03%
221,Ethereum,HitBTC,XRP/ETH,$734.75,Recently,"$776,497",0.03%
222,Ethereum,Binance,BQX/ETH,$737.44,Recently,"$758,383",0.03%
223,Ethereum,ChaoEX,ETH/BTC,$739.95,Recently,"$752,360",0.03%
224,Ethereum,Binance,TNT/ETH,$734.02,Recently,"$747,186",0.03%
225,Ethereum,CEX.IO,ETH/EUR,$802.70,Recently,"$744,355",0.03%
226,Ethereum,Bittrex,QTUM/ETH,$726.33,Recently,"$728,276",0.03%
227,Ethereum,Quoine,ETH/BTC,$724.46,Recently,"$721,078",0.03%
228,Ethereum,OKEx,LTC/ETH,$733.90,Recently,"$718,852",0.03%
229,Ethereum,Binance,VIB/ETH,$735.31,Recently,"$713,572",0.03%
230,Ethereum,Huobi,PAY/ETH,$735.03,Recently,"$700,826",0.03%
231,Ethereum,Quoine,ETH/USD,$738.12,Recently,"$699,304",0.03%
232,Ethereum,Lbank,ZEC/ETH,$737.10,Recently,"$697,998",0.03%
233,Ethereum,Binance,RCN/ETH,$737.86,Recently,"$697,608",0.03%
234,Ethereum,Binance,LSK/ETH,$757.12,Recently,"$695,744",0.03%
235,Ethereum,Zaif,ETH/BTC,$744.88,Recently,"$691,372",0.03%
236,Ethereum,Gate.io,BTM/ETH,$746.46,Recently,"$689,643",0.03%
237,Ethereum,Bit-Z,GXS/ETH,$731.67,Recently,"$688,338",0.03%
238,Ethereum,Binance,GXS/ETH,$737.76,Recently,"$678,770",0.03%
239,Ethereum,Binance,YOYO/ETH,$715.79,Recently,"$676,166",0.03%
240,Ethereum,Binance,ICN/ETH,$735.73,Recently,"$662,266",0.03%
241,Ethereum,EXX,XWC/ETH,$760.36,Recently,"$662,078",0.03%
242,Ethereum,Liqui,SRN/ETH,$733.32,Recently,"$661,859",0.03%
243,Ethereum,Bittrex,GNT/ETH,$733.16,Recently,"$658,431",0.03%
244,Ethereum,Coinsquare,ETH/BTC,$744.18,Recently,"$656,468",0.03%
245,Ethereum,Liqui,SNT/ETH,$730.42,Recently,"$648,061",0.03%
246,Ethereum,Allcoin,UGT/ETH,$728.16,Recently,"$645,057",0.03%
247,Ethereum,EtherDelta,VERI/ETH,$740.88,Recently,"$641,748",0.03%
248,Ethereum,Liqui,LTC/ETH,$735.27,Recently,"$623,342",0.03%
249,Ethereum,EtherDelta,0x3833/ETH,$734.07,Recently,"$622,616",0.03%
250,Ethereum,OKEx,KNC/ETH,$739.92,Recently,"$621,526",0.03%
251,Ethereum,Livecoin,ETH/USD,$780.00,Recently,"$614,176",0.03%
252,Ethereum,Lykke Exchange,ETH/USD,$729.36,Recently,"$611,925",0.03%
253,Ethereum,Kucoin,BNTY/ETH,$728.46,Recently,"$600,248",0.03%
254,Ethereum,Bittrex,SC/ETH,$734.37,Recently,"$596,782",0.02%
255,Ethereum,Kucoin,DENT/ETH,$712.08,Recently,"$589,163",0.02%
256,Ethereum,Liqui,AST/ETH,$736.72,Recently,"$582,694",0.02%
257,Ethereum,AEX,ETH/BTC,$747.61,Recently,"$573,798",0.02%
258,Ethereum,Qryptos,SPHTX/ETH,$750.24,Recently,"$569,139",0.02%
259,Ethereum,Poloniex,ZRX/ETH,$752.69,Recently,"$562,768",0.02%
260,Ethereum,Binance,LUN/ETH,$745.33,Recently,"$556,873",0.02%
261,Ethereum,HitBTC,NXT/ETH,$749.25,Recently,"$548,369",0.02%
262,Ethereum,Bittrex,DGB/ETH,$735.60,Recently,"$543,156",0.02%
263,Ethereum,Binance,BCPT/ETH,$720.79,Recently,"$540,677",0.02%
264,Ethereum,Binance,STRAT/ETH,$740.15,Recently,"$535,347",0.02%
265,Ethereum,Binance,ARK/ETH,$738.82,Recently,"$534,127",0.02%
266,Ethereum,Exmo,ETH/UAH,$782.42,Recently,"$534,082",0.02%
267,Ethereum,Bittrex,PAY/ETH,$749.55,Recently,"$533,710",0.02%
268,Ethereum,Bitfinex,NEO/ETH,$717.24,Recently,"$526,375",0.02%
269,Ethereum,Bitcoin Indonesia,ETH/BTC,$736.71,Recently,"$524,765",0.02%
270,Ethereum,Bit-Z,NULS/ETH,$705.12,Recently,"$521,314",0.02%
271,Ethereum,Bittrex,SALT/ETH,$736.05,Recently,"$517,714",0.02%
272,Ethereum,HitBTC,DENT/ETH,$769.04,Recently,"$510,061",0.02%
273,Ethereum,OKEx,IOTA/ETH,$721.97,Recently,"$507,805",0.02%
274,Ethereum,YoBit,ETH/USD,$800.00,Recently,"$501,595",0.02%
275,Ethereum,Liqui,SNM/ETH,$729.31,Recently,"$500,382",0.02%
276,Ethereum,Binance,SNM/ETH,$738.49,Recently,"$496,113",0.02%
277,Ethereum,Binance,PPT/ETH,$761.50,Recently,"$494,665",0.02%
278,Ethereum,Bibox,LTC/ETH,$748.20,Recently,"$485,276",0.02%
279,Ethereum,WEX,ETH/LTC,$732.17,Recently,"$481,791",0.02%
280,Ethereum,xBTCe,ETH/USD,$720.00,Recently,"$477,770",0.02%
281,Ethereum,Gate.io,TRX/ETH,$762.39,Recently,"$475,368",0.02%
282,Ethereum,Bibox,ETH/BTC,$768.69,Recently,"$475,051",0.02%
283,Ethereum,Poloniex,GNT/ETH,$730.76,Recently,"$471,964",0.02%
284,Ethereum,Kucoin,TFL/ETH,$774.05,Recently,"$461,749",0.02%
285,Ethereum,Liqui,PRO/ETH,$126.60,Recently,"$452,064",0.02%
286,Ethereum,HitBTC,VIB/ETH,$730.92,Recently,"$448,997",0.02%
287,Ethereum,Bittrex,XEM/ETH,$744.89,Recently,"$448,500",0.02%
288,Ethereum,Gate.io,QTUM/ETH,$726.33,Recently,"$442,028",0.02%
289,Ethereum,Binance,XZC/ETH,$771.43,Recently,"$439,624",0.02%
290,Ethereum,Binance,EVX/ETH,$760.51,Recently,"$438,992",0.02%
291,Ethereum,EtherDelta,FUN/ETH,$756.49,Recently,"$433,118",0.02%
292,Ethereum,Binance,GVT/ETH,$737.63,Recently,"$431,050",0.02%
293,Ethereum,Binance,NAV/ETH,$744.85,Recently,"$428,996",0.02%
294,Ethereum,Bittrex,ADX/ETH,$724.61,Recently,"$415,147",0.02%
295,Ethereum,Exmo,BCH/ETH,$731.76,Recently,"$415,072",0.02%
296,Ethereum,Huobi,QASH/ETH,$739.41,Recently,"$411,962",0.02%
297,Ethereum,CoinFalcon,ETH/EUR,$798.50,Recently,"$410,618",0.02%
298,Ethereum,Bittrex,XMR/ETH,$734.33,Recently,"$409,918",0.02%
299,Ethereum,BigONE,ETH/EOS,$739.47,Recently,"$398,326",0.02%
300,Ethereum,Binance,KMD/ETH,$741.01,Recently,"$397,755",0.02%
301,Ethereum,Binance,ZEC/ETH,$746.12,Recently,"$396,985",0.02%
302,Ethereum,Bittrex,POWR/ETH,$755.17,Recently,"$396,758",0.02%
303,Ethereum,Qryptos,QASH/ETH,$716.81,Recently,"$388,638",0.02%
304,Ethereum,Kraken,ETC/ETH,$718.21,Recently,"$383,402",0.02%
305,Ethereum,Bibox,ETH/USDT,$735.93,Recently,"$380,478",0.02%
306,Ethereum,HitBTC,BTG/ETH,$741.46,Recently,"$373,083",0.02%
307,Ethereum,Bibox,ETH/DAI,$715.41,Recently,"$370,582",0.02%
308,Ethereum,Binance,ARN/ETH,$740.47,Recently,"$370,503",0.02%
309,Ethereum,Liqui,ICN/ETH,$719.78,Recently,"$366,911",0.02%
310,Ethereum,HitBTC,SNT/ETH,$713.98,Recently,"$364,931",0.02%
311,Ethereum,Binance,WAVES/ETH,$745.48,Recently,"$364,886",0.02%
312,Ethereum,Bibox,CMT/ETH,$750.73,Recently,"$363,583",0.02%
313,Ethereum,HitBTC,ADX/ETH,$754.77,Recently,"$362,650",0.02%
314,Ethereum,Qryptos,ETH/BTC,$720.92,Recently,"$358,709",0.01%
315,Ethereum,HitBTC,HDG/ETH,$740.25,Recently,"$353,509",0.01%
316,Ethereum,OEX,ETH/CNY,$835.20,Recently,"$349,676",0.01%
317,Ethereum,DSX,ETH/BTC,$680.88,Recently,"$349,084",0.01%
318,Ethereum,Gate.io,SNT/ETH,$723.25,Recently,"$346,941",0.01%
319,Ethereum,COSS,COSS/ETH,$741.76,Recently,"$343,205",0.01%
320,Ethereum,Liqui,BCC/ETH,$728.98,Recently,"$334,230",0.01%
321,Ethereum,Bittrex,STORJ/ETH,$743.60,Recently,"$331,807",0.01%
322,Ethereum,Liqui,GNT/ETH,$724.07,Recently,"$331,657",0.01%
323,Ethereum,Bitfinex,DATA/ETH,$727.82,Recently,"$330,487",0.01%
324,Ethereum,Binance,MTL/ETH,$737.92,Recently,"$327,620",0.01%
325,Ethereum,Kucoin,PRL/ETH,$746.68,Recently,"$325,655",0.01%
326,Ethereum,Ethfinex,DAT/ETH,$727.82,Recently,"$325,403",0.01%
327,Ethereum,WEX,ETH/RUR,$747.83,Recently,"$324,388",0.01%
328,Ethereum,EtherDelta,PPP/ETH,$728.28,Recently,"$323,562",0.01%
329,Ethereum,OkCoin Intl.,ETH/USD,$765.19,Recently,"$322,344",0.01%
330,Ethereum,Exmo,ETH/EUR,$784.92,Recently,"$320,619",0.01%
331,Ethereum,Binance,NULS/ETH,$705.92,Recently,"$316,390",0.01%
332,Ethereum,OKEx,NEO/ETH,$730.42,Recently,"$314,978",0.01%
333,Ethereum,Gate.io,LRC/ETH,$733.38,Recently,"$313,740",0.01%
334,Ethereum,Binance,BNT/ETH,$726.05,Recently,"$313,082",0.01%
335,Ethereum,Bittrex,DASH/ETH,$726.89,Recently,"$312,940",0.01%
336,Ethereum,Bibox,TNB/ETH,$700.86,Recently,"$310,319",0.01%
337,Ethereum,Bittrex,STRAT/ETH,$740.15,Recently,"$305,338",0.01%
338,Ethereum,Coinrail,ETH/KRW,$894.62,Recently,"$304,128",0.01%
339,Ethereum,WEX,ETH/EUR,$751.31,Recently,"$300,561",0.01%
340,Ethereum,Liqui,SAN/ETH,$813.47,Recently,"$297,125",0.01%
341,Ethereum,Bittrex,BNT/ETH,$741.76,Recently,"$293,629",0.01%
342,Ethereum,Huobi,GNT/ETH,$738.59,Recently,"$293,363",0.01%
343,Ethereum,EtherDelta,PPT/ETH,$724.89,Recently,"$292,816",0.01%
344,Ethereum,Bibox,MKR/ETH,$714.25,Recently,"$291,224",0.01%
345,Ethereum,Bit-Z,MCO/ETH,$734.22,Recently,"$290,214",0.01%
346,Ethereum,HitBTC,STX/ETH,$724.55,Recently,"$288,801",0.01%
347,Ethereum,Liqui,EOS/ETH,$720.68,Recently,"$288,024",0.01%
348,Ethereum,Bittrex,BAT/ETH,$731.81,Recently,"$287,702",0.01%
349,Ethereum,Binance,BTG/ETH,$744.54,Recently,"$286,840",0.01%
350,Ethereum,Binance,BCD/ETH,$506.62,Recently,"$284,861",0.01%
351,Ethereum,Poloniex,ZEC/ETH,$726.53,Recently,"$284,671",0.01%
352,Ethereum,HitBTC,TRX/ETH,$764.98,Recently,"$283,275",0.01%
353,Ethereum,Liqui,DASH/ETH,$728.89,Recently,"$282,202",0.01%
354,Ethereum,ChaoEX,PAY/ETH,$742.65,Recently,"$282,182",0.01%
355,Ethereum,EXX,ETH/USDT,$816.67,Recently,"$282,099",0.01%
356,Ethereum,Bitbank,ETH/BTC,$736.71,Recently,"$278,763",0.01%
357,Ethereum,Liqui,AE/ETH,$732.58,Recently,"$278,665",0.01%
358,Ethereum,Kucoin,NEO/ETH,$731.23,Recently,"$277,615",0.01%
359,Ethereum,The Rock Trading,ETH/EUR,$729.17,Recently,"$277,277",0.01%
360,Ethereum,Bittrex,BTG/ETH,$740.75,Recently,"$276,163",0.01%
361,Ethereum,Kraken,GNO/ETH,$743.50,Recently,"$274,785",0.01%
362,Ethereum,Poloniex,LSK/ETH,$747.47,Recently,"$272,960",0.01%
363,Ethereum,Gate.io,CDT/ETH,$736.35,Recently,"$272,439",0.01%
364,Ethereum,Liqui,SALT/ETH,$725.27,Recently,"$272,291",0.01%
365,Ethereum,Huobi,TNT/ETH,$735.48,Recently,"$271,784",0.01%
366,Ethereum,Binance,NEBL/ETH,$741.90,Recently,"$270,869",0.01%
367,Ethereum,Liqui,TNT/ETH,$738.37,Recently,"$270,835",0.01%
368,Ethereum,Bittrex,CVC/ETH,$734.72,Recently,"$267,372",0.01%
369,Ethereum,HitBTC,LTC/ETH,$730.12,Recently,"$264,774",0.01%
370,Ethereum,Gate.io,HSR/ETH,$763.60,Recently,"$263,641",0.01%
371,Ethereum,Cryptopia,ETH/LTC,$744.56,Recently,"$261,082",0.01%
372,Ethereum,Lbank,DBC/ETH,$760.44,Recently,"$259,045",0.01%
373,Ethereum,Poloniex,BCH/ETH,$732.96,Recently,"$255,967",0.01%
374,Ethereum,Gate.io,MED/ETH,$658.43,Recently,"$250,471",0.01%
375,Ethereum,Mercatox,VERI/ETH,$774.42,Recently,"$250,378",0.01%
376,Ethereum,Bittrex,REP/ETH,$734.73,Recently,"$249,151",0.01%
377,Ethereum,Gate.io,EOS/ETH,$722.24,Recently,"$249,114",0.01%
378,Ethereum,Liqui,TAAS/ETH,$729.40,Recently,"$248,518",0.01%
379,Ethereum,Gate.io,SMT/ETH,$746.15,Recently,"$245,390",0.01%
380,Ethereum,EtherDelta,VEE/ETH,$628.77,Recently,"$244,959",0.01%
381,Ethereum,OKEx,ACT/ETH,$738.54,Recently,"$240,389",0.01%
382,Ethereum,Liqui,BMC/ETH,$723.16,Recently,"$240,229",0.01%
383,Ethereum,Binance,DLT/ETH,$702.58,Recently,"$238,283",0.01%
384,Ethereum,BTC Markets,ETH/BTC,$744.88,Recently,"$236,036",0.01%
385,Ethereum,Liqui,MLN/ETH,$727.97,Recently,"$234,935",0.01%
386,Ethereum,Gate.io,QASH/ETH,$736.54,Recently,"$234,351",0.01%
387,Ethereum,OKEx,PRO/ETH,$725.06,Recently,"$234,337",0.01%
388,Ethereum,Mercatox,LINK/ETH,$758.66,Recently,"$234,211",0.01%
389,Ethereum,Bibox,ETC/ETH,$798.72,Recently,"$232,863",0.01%
390,Ethereum,Exmo,ETH/PLN,$781.15,Recently,"$232,644",0.01%
391,Ethereum,Binance,EDO/ETH,$715.64,Recently,"$232,269",0.01%
392,Ethereum,Liqui,WAVES/ETH,$729.77,Recently,"$231,632",0.01%
393,Ethereum,HitBTC,DASH/ETH,$735.38,Recently,"$231,506",0.01%
394,Ethereum,The Rock Trading,ETH/BTC,$742.57,Recently,"$230,543",0.01%
395,Ethereum,Gate.io,MDS/ETH,$721.51,Recently,"$230,424",0.01%
396,Ethereum,Mercatox,CND/ETH,$645.30,Recently,"$229,978",0.01%
397,Ethereum,Allcoin,DBC/ETH,$681.72,Recently,"$229,062",0.01%
398,Ethereum,GOPAX,ETH/KRW,$962.68,Recently,"$309,004",0.00%
399,Ethereum,Coinbene,PLAY/ETH,$144.72,Recently,"$584,279,000",0.00%
400,Cardano,Bittrex,ADA/BTC,$0.704493,Recently,"$98,086,500",45.47%
401,Cardano,Binance,ADA/BTC,$0.713933,Recently,"$77,367,700",35.87%
402,Cardano,Binance,ADA/ETH,$0.696219,Recently,"$23,104,600",10.71%
403,Cardano,Bittrex,ADA/USDT,$0.682835,Recently,"$7,033,440",3.26%
404,Cardano,Coinnest,ADA/KRW,$0.730761,Recently,"$6,560,820",3.04%
405,Cardano,Bittrex,ADA/ETH,$0.684574,Recently,"$2,948,680",1.37%
406,Cardano,Gate.io,ADA/USDT,$1.36,Recently,"$260,138",0.12%
407,Cardano,Mr. Exchange,XRP/ADA,$0.584929,Recently,"$183,587",0.09%
408,Cardano,Gate.io,ADA/BTC,$1.36,Recently,"$119,660",0.06%
409,Cardano,Mr. Exchange,BTC/ADA,$0.594194,Recently,"$24,634",0.01%
410,Cardano,Mr. Exchange,ETH/ADA,$0.589769,Recently,"$15,332",0.01%
411,Ripple,Bithumb,XRP/KRW,$2.55,Recently,"$1,528,220,000",38.69%
412,Ripple,Binance,XRP/BTC,$1.97,Recently,"$308,947,000",7.82%
413,Ripple,Coinone,XRP/KRW,$2.55,Recently,"$254,583,000",6.44%
414,Ripple,Bittrex,XRP/BTC,$1.97,Recently,"$254,029,000",6.43%
415,Ripple,Poloniex,XRP/BTC,$1.97,Recently,"$247,024,000",6.25%
416,Ripple,Bitfinex,XRP/USD,$1.94,Recently,"$238,323,000",6.03%
417,Ripple,Korbit,XRP/KRW,$2.55,Recently,"$126,178,000",3.19%
418,Ripple,HitBTC,XRP/BTC,$1.97,Recently,"$124,424,000",3.15%
419,Ripple,Bitstamp,XRP/USD,$1.95,Recently,"$91,626,700",2.32%
420,Ripple,Bitfinex,XRP/BTC,$1.97,Recently,"$86,349,200",2.19%
421,Ripple,Huobi,XRP/USDT,$1.95,Recently,"$78,784,000",1.99%
422,Ripple,Koinex,XRP/INR,$2.77,Recently,"$72,636,400",1.84%
423,Ripple,Binance,XRP/ETH,$1.94,Recently,"$69,138,300",1.75%
424,Ripple,Poloniex,XRP/USDT,$1.95,Recently,"$51,287,800",1.30%
425,Ripple,Bitbank,XRP/JPY,$2.16,Recently,"$46,313,600",1.17%
426,Ripple,Kraken,XRP/EUR,$2.03,Recently,"$37,245,000",0.94%
427,Ripple,Bittrex,XRP/USDT,$1.92,Recently,"$33,844,900",0.86%
428,Ripple,Bitstamp,XRP/EUR,$1.96,Recently,"$31,635,500",0.80%
429,Ripple,Kraken,XRP/USD,$1.98,Recently,"$30,086,100",0.76%
430,Ripple,Bitstamp,XRP/BTC,$1.97,Recently,"$27,916,300",0.71%
431,Ripple,Kraken,XRP/BTC,$1.98,Recently,"$26,897,100",0.68%
432,Ripple,CEX.IO,XRP/USD,$2.21,Recently,"$23,914,000",0.61%
433,Ripple,Huobi,XRP/BTC,$1.98,Recently,"$20,963,900",0.53%
434,Ripple,Exmo,XRP/USD,$2.13,Recently,"$20,806,100",0.53%
435,Ripple,BTC Markets,XRP/AUD,$2.11,Recently,"$18,137,300",0.46%
436,Ripple,BX Thailand,XRP/THB,$2.28,Recently,"$9,116,540",0.23%
437,Ripple,Exmo,XRP/BTC,$1.99,Recently,"$8,550,300",0.22%
438,Ripple,Bittrex,XRP/ETH,$1.94,Recently,"$8,520,000",0.22%
439,Ripple,Bitcoin Indonesia,XRP/IDR,$2.37,Recently,"$7,832,740",0.20%
440,Ripple,Bitso,XRP/MXN,$2.27,Recently,"$7,500,710",0.19%
441,Ripple,ZB.COM,XRP/USDT,$1.80,Recently,"$6,907,970",0.17%
442,Ripple,CEX.IO,XRP/BTC,$1.99,Recently,"$5,421,340",0.14%
443,Ripple,Bitstamp (Ripple Gateway),XRP/BTC,$1.77,Recently,"$5,263,360",0.13%
444,Ripple,RippleFox,XRP/CNY,$2.18,Recently,"$4,480,020",0.11%
445,Ripple,Exmo,XRP/RUB,$2.17,Recently,"$4,169,180",0.11%
446,Ripple,Gatehub,XRP/BTC,$1.94,Recently,"$4,055,480",0.10%
447,Ripple,Ripple China,XRP/CNY,$2.18,Recently,"$3,733,620",0.09%
448,Ripple,Bitstamp (Ripple Gateway),XRP/USD,$1.93,Recently,"$2,855,500",0.07%
449,Ripple,Bitcoin Indonesia,XRP/BTC,$1.98,Recently,"$2,554,300",0.06%
450,Ripple,Gatehub,XRP/ETH,$1.94,Recently,"$2,033,850",0.05%
451,Ripple,AEX,XRP/BITCNY,$2.06,Recently,"$1,964,850",0.05%
452,Ripple,Altcoin Trader,XRP/ZAR,$2.31,Recently,"$1,467,820",0.04%
453,Ripple,Gatehub,XRP/USD,$1.44,Recently,"$1,206,530",0.03%
454,Ripple,BTC Markets,XRP/BTC,$2.00,Recently,"$1,170,290",0.03%
455,Ripple,The Rock Trading,XRP/EUR,$1.87,Recently,"$1,155,020",0.03%
456,Ripple,Gate.io,XRP/USDT,$2.26,Recently,"$999,992",0.03%
457,Ripple,Bitso,XRP/BTC,$2.00,Recently,"$961,500",0.02%
458,Ripple,RippleFox,XRP/XLM,$2.29,Recently,"$873,218",0.02%
459,Ripple,HitBTC,XRP/ETH,$1.94,Recently,"$777,852",0.02%
460,Ripple,AEX,XRP/BTC,$1.97,Recently,"$755,853",0.02%
461,Ripple,CEX.IO,XRP/EUR,$2.20,Recently,"$711,396",0.02%
462,Ripple,LiteBit.eu,XRP/EUR,$1.96,Recently,"$621,803",0.02%
463,Ripple,Tripe Dice Exchange,XRP/BTC,$2.25,Recently,"$483,573",0.01%
464,Ripple,Gatehub,XRP/EUR,$1.80,Recently,"$456,049",0.01%
465,Ripple,Bitsane,XRP/BTC,$2.01,Recently,"$449,913",0.01%
466,Ripple,Bits Blockchain,XRP/BTC,$2.25,Recently,"$414,229",0.01%
467,Ripple,Bitsane,XRP/EUR,$2.05,Recently,"$359,701",0.01%
468,Ripple,Coinrail,XRP/KRW,$2.46,Recently,"$303,943",0.01%
469,Ripple,Mr. Exchange,XRP/JPY,$1.89,Recently,"$296,726",0.01%
470,Ripple,Qryptos,XRP/BTC,$2.04,Recently,"$240,649",0.01%
471,Ripple,ZB.COM,XRP/BTC,$1.65,Recently,"$224,855",0.01%
472,Ripple,Mr. Exchange,XRP/BTC,$1.99,Recently,"$205,255",0.01%
473,Ripple,Mr. Exchange,XRP/ADA,$2.38,Recently,"$183,587",0.00%
474,Ripple,Mr. Exchange,XRP/ETH,$1.94,Recently,"$156,772",0.00%
475,Ripple,CoinEgg,XRP/BTC,$1.95,Recently,"$142,038",0.00%
476,Ripple,Exrates,XRP/BTC,$1.93,Recently,"$137,800",0.00%
477,Ripple,Exrates,XRP/USD,$2.00,Recently,"$117,018",0.00%
478,Ripple,Bitsane,XRP/LTC,$1.93,Recently,"$116,868",0.00%
479,Ripple,Gatehub,XRP/ETC,$2.13,Recently,"$102,383",0.00%
480,Ripple,Bitsane,XRP/USD,$2.15,Recently,"$83,608",0.00%
481,Ripple,Gate.io,XRP/BTC,$2.31,Recently,"$82,030",0.00%
482,Ripple,Mr. Exchange,XRP/USD,$1.81,Recently,"$76,310",0.00%
483,Ripple,Stellar Decentralized Exchange,XLM/XRP,$2.29,Recently,"$67,847",0.00%
484,Ripple,Bitsane,XRP/ETH,$2.02,Recently,"$62,438",0.00%
485,Ripple,The Rock Trading,BTC/XRP,$1.98,Recently,"$59,497",0.00%
486,Ripple,BitFlip,XRP/RUB,$2.62,Recently,"$56,055",0.00%
487,Ripple,Rippex,XRP/BRL,$2.24,Recently,"$50,440",0.00%
488,Ripple,Abucoins,XRP/BTC,$1.95,Recently,"$47,204",0.00%
489,Ripple,Mr. Exchange,XRP/REP,$1.91,Recently,"$43,950",0.00%
490,Ripple,Gatehub,XRP/REP,$1.93,Recently,"$31,573",0.00%
491,Ripple,BitFlip,XRP/USD,$2.30,Recently,"$29,456",0.00%
492,Ripple,Cryptomate,XRP/GBP,$2.25,Recently,"$27,989",0.00%
493,Ripple,Mr. Exchange,XRP/ETC,$2.01,Recently,"$26,316",0.00%
494,Ripple,Gatehub,XRP/QAU,$1.52,Recently,"$18,392",0.00%
495,Ripple,Bitsane,XRP/BCH,$1.99,Recently,"$16,893",0.00%
496,Ripple,Mr. Exchange,XRP/LTC,$1.57,Recently,"$11,495",0.00%
497,Ripple,BCEX,XRP/BTC,$1.66,Recently,"$5,674",0.00%
498,Ripple,BitFlip,XRP/BTC,$1.92,Recently,"$4,669",0.00%
499,Ripple,The Rock Trading,XRP/USD,$2.17,Recently,"$3,684",0.00%
500,Ripple,BitFlip,XRP/EUR,$2.04,Recently,$138,0.00%
501,Ripple,Coinbene,XRP/USDT,$2.38,Recently,$11,0.00%
502,Ripple,BitFlip,XRP/UAH,$1.42,Recently,$0,0.00%
503,Bitcoin Cash,OKEx,BCC/BTC,$2358.72,Recently,"$197,380,000",17.58%
504,Bitcoin Cash,HitBTC,BCH/BTC,$2360.06,Recently,"$167,453,000",14.92%
505,Bitcoin Cash,Bithumb,BCH/KRW,$3075.76,Recently,"$145,560,000",12.97%
506,Bitcoin Cash,Binance,BCC/BTC,$2353.33,Recently,"$123,157,000",10.97%
507,Bitcoin Cash,Bit-Z,BCH/BTC,$2350.89,Recently,"$69,073,100",6.15%
508,Bitcoin Cash,Huobi,BCH/USDT,$2311.57,Recently,"$53,871,000",4.80%
509,Bitcoin Cash,Bitfinex,BCH/USD,$2320.10,Recently,"$53,572,100",4.77%
510,Bitcoin Cash,Bittrex,BCC/BTC,$2369.97,Recently,"$31,697,800",2.82%
511,Bitcoin Cash,Coinone,BCH/KRW,$3073.88,Recently,"$25,030,500",2.23%
512,Bitcoin Cash,GDAX,BCH/USD,$2331.22,Recently,"$22,869,900",2.04%
513,Bitcoin Cash,Bitfinex,BCH/BTC,$2357.43,Recently,"$18,184,400",1.62%
514,Bitcoin Cash,Poloniex,BCH/BTC,$2353.34,Recently,"$17,519,300",1.56%
515,Bitcoin Cash,OKEx,LTC/BCH,$2333.67,Recently,"$15,085,900",1.34%
516,Bitcoin Cash,Korbit,BCH/KRW,$3074.35,Recently,"$14,094,500",1.26%
517,Bitcoin Cash,CoolCoin,BCH/BTC,$2732.31,Recently,"$11,300,800",1.01%
518,Bitcoin Cash,Huobi,BCH/BTC,$2355.94,Recently,"$11,141,200",0.99%
519,Bitcoin Cash,Lbank,BCC/BTC,$2381.10,Recently,"$9,541,960",0.85%
520,Bitcoin Cash,Bitstamp,BCH/BTC,$2357.71,Recently,"$9,306,260",0.83%
521,Bitcoin Cash,HitBTC,BCH/USDT,$2323.31,Recently,"$8,141,700",0.73%
522,Bitcoin Cash,Kraken,BCH/EUR,$2438.82,Recently,"$7,353,900",0.66%
523,Bitcoin Cash,CoinEgg,BCH/BTC,$2327.84,Recently,"$7,048,690",0.63%
524,Bitcoin Cash,Binance,BCC/USDT,$2313.36,Recently,"$6,789,500",0.60%
525,Bitcoin Cash,Bitstamp,BCH/USD,$2302.64,Recently,"$6,618,740",0.59%
526,Bitcoin Cash,Poloniex,BCH/USDT,$2311.86,Recently,"$6,214,450",0.55%
527,Bitcoin Cash,Bittrex,BCC/USDT,$2315.39,Recently,"$5,362,770",0.48%
528,Bitcoin Cash,Kraken,BCH/BTC,$2368.51,Recently,"$4,418,430",0.39%
529,Bitcoin Cash,Binance,BCC/ETH,$2309.36,Recently,"$4,064,300",0.36%
530,Bitcoin Cash,Kraken,BCH/USD,$2374.00,Recently,"$3,904,480",0.35%
531,Bitcoin Cash,YoBit,BCC/BTC,$2377.94,Recently,"$3,567,940",0.32%
532,Bitcoin Cash,HitBTC,BCH/ETH,$2316.25,Recently,"$3,529,180",0.31%
533,Bitcoin Cash,Bitstamp,BCH/EUR,$2321.18,Recently,"$3,197,420",0.28%
534,Bitcoin Cash,Exmo,BCH/USD,$2510.01,Recently,"$3,099,270",0.28%
535,Bitcoin Cash,EXX,BCC/BTC,$2326.93,Recently,"$3,081,440",0.27%
536,Bitcoin Cash,Bitbank,BCC/JPY,$2571.04,Recently,"$2,899,970",0.26%
537,Bitcoin Cash,bitFlyer,BCH/BTC,$2373.71,Recently,"$2,891,750",0.26%
538,Bitcoin Cash,Livecoin,BCH/BTC,$2371.94,Recently,"$2,757,320",0.25%
539,Bitcoin Cash,Exmo,BCH/BTC,$2348.45,Recently,"$2,642,330",0.24%
540,Bitcoin Cash,CEX.IO,BCH/USD,$2640.00,Recently,"$2,504,700",0.22%
541,Bitcoin Cash,Bittrex,BCC/ETH,$2329.63,Recently,"$2,360,520",0.21%
542,Bitcoin Cash,RightBTC,BCC/BTC,$1495.62,Recently,"$1,896,940",0.17%
543,Bitcoin Cash,Livecoin,BCH/USD,$2491.57,Recently,"$1,809,540",0.16%
544,Bitcoin Cash,BtcTrade.im,BCH/BTC,$2366.95,Recently,"$1,617,800",0.14%
545,Bitcoin Cash,Exrates,BCH/BTC,$2330.20,Recently,"$1,593,120",0.14%
546,Bitcoin Cash,BX Thailand,BCH/THB,$2721.28,Recently,"$1,463,610",0.13%
547,Bitcoin Cash,Exrates,BCH/USD,$2356.00,Recently,"$1,453,370",0.13%
548,Bitcoin Cash,Koinex,BCH/INR,$3288.92,Recently,"$1,245,840",0.11%
549,Bitcoin Cash,ZB.COM,BCC/USDT,$2584.40,Recently,"$1,245,780",0.11%
550,Bitcoin Cash,WEX,BCH/USD,$2328.90,Recently,"$1,214,210",0.11%
551,Bitcoin Cash,ChaoEX,BCH/BTC,$2343.75,Recently,"$1,092,450",0.10%
552,Bitcoin Cash,Bitfinex,BCH/ETH,$2319.01,Recently,"$976,905",0.09%
553,Bitcoin Cash,BitBay,BCC/PLN,$2552.82,Recently,"$971,722",0.09%
554,Bitcoin Cash,OKEx,EDO/BCH,$2330.75,Recently,"$863,151",0.08%
555,Bitcoin Cash,AEX,BCC/BITCNY,$2462.27,Recently,"$798,234",0.07%
556,Bitcoin Cash,CEX.IO,BCH/BTC,$2366.68,Recently,"$755,285",0.07%
557,Bitcoin Cash,Coinnest,BCH/KRW,$2716.93,Recently,"$747,640",0.07%
558,Bitcoin Cash,Bitcoin Indonesia,BCH/IDR,$2814.24,Recently,"$721,855",0.06%
559,Bitcoin Cash,BitGrail,BCC/BTC,$2163.14,Recently,"$701,867",0.06%
560,Bitcoin Cash,Kucoin,BCH/BTC,$2325.96,Recently,"$627,292",0.06%
561,Bitcoin Cash,BTC Markets,BCH/AUD,$2535.63,Recently,"$584,724",0.05%
562,Bitcoin Cash,QuadrigaCX,BCH/CAD,$2464.49,Recently,"$565,404",0.05%
563,Bitcoin Cash,Mercado Bitcoin,BCH/BRL,$2565.30,Recently,"$526,194",0.05%
564,Bitcoin Cash,WEX,BCH/BTC,$2356.06,Recently,"$510,720",0.05%
565,Bitcoin Cash,Mercatox,BCH/BTC,$2104.14,Recently,"$509,702",0.05%
566,Bitcoin Cash,Binance,BCC/BNB,$2329.25,Recently,"$497,908",0.04%
567,Bitcoin Cash,Cryptopia,BCH/BTC,$2326.28,Recently,"$449,250",0.04%
568,Bitcoin Cash,Exmo,BCH/ETH,$2316.89,Recently,"$413,904",0.04%
569,Bitcoin Cash,Quoine,BCH/JPY,$2436.76,Recently,"$407,499",0.04%
570,Bitcoin Cash,Exmo,BCH/RUB,$2558.80,Recently,"$384,094",0.03%
571,Bitcoin Cash,Gate.io,BCH/USDT,$2288.23,Recently,"$352,602",0.03%
572,Bitcoin Cash,Zaif,BCH/BTC,$2373.85,Recently,"$343,613",0.03%
573,Bitcoin Cash,Liqui,BCC/ETH,$2328.02,Recently,"$333,696",0.03%
574,Bitcoin Cash,Liqui,BCC/BTC,$2353.94,Recently,"$312,775",0.03%
575,Bitcoin Cash,Coinfloor,BCH/GBP,$2263.74,Recently,"$276,099",0.02%
576,Bitcoin Cash,DSX,BCC/EUR,$2421.36,Recently,"$261,864",0.02%
577,Bitcoin Cash,OKEx,EOS/BCH,$2313.53,Recently,"$258,701",0.02%
578,Bitcoin Cash,ZB.COM,BCC/BTC,$2392.58,Recently,"$256,946",0.02%
579,Bitcoin Cash,Poloniex,BCH/ETH,$2346.23,Recently,"$256,211",0.02%
580,Bitcoin Cash,CoinExchange,BCH/BTC,$2325.96,Recently,"$241,309",0.02%
581,Bitcoin Cash,Liqui,BCC/USDT,$2302.81,Recently,"$235,220",0.02%
582,Bitcoin Cash,Bitbank,BCC/BTC,$2404.69,Recently,"$229,285",0.02%
583,Bitcoin Cash,WEX,BCH/LTC,$2327.89,Recently,"$219,757",0.02%
584,Bitcoin Cash,xBTCe,BCH/USD,$2409.50,Recently,"$212,446",0.02%
585,Bitcoin Cash,Quoine,BCH/USD,$2393.10,Recently,"$211,622",0.02%
586,Bitcoin Cash,C2CX,BCC/BTC,$2353.33,Recently,"$208,676",0.02%
587,Bitcoin Cash,DSX,BCC/BTC,$2462.78,Recently,"$191,950",0.02%
588,Bitcoin Cash,Independent Reserve,BCH/AUD,$2478.32,Recently,"$165,095",0.01%
589,Bitcoin Cash,AEX,BCC/BTC,$2394.37,Recently,"$164,159",0.01%
590,Bitcoin Cash,Coinsquare,BCH/BTC,$2292.34,Recently,"$161,385",0.01%
591,Bitcoin Cash,Gate.io,BCH/BTC,$2368.38,Recently,"$153,797",0.01%
592,Bitcoin Cash,Bitso,BCH/BTC,$2380.13,Recently,"$145,147",0.01%
593,Bitcoin Cash,OKEx,BTG/BCH,$3207.73,Recently,"$136,286",0.01%
594,Bitcoin Cash,xBTCe,BCH/BTC,$2490.15,Recently,"$128,342",0.01%
595,Bitcoin Cash,YoBit,BCC/USD,$2505.66,Recently,"$112,266",0.01%
596,Bitcoin Cash,Tidex,BCH/BTC,$2397.86,Recently,"$112,129",0.01%
597,Bitcoin Cash,BigONE,BCH/BTC,$2396.01,Recently,"$105,022",0.01%
598,Bitcoin Cash,WEX,BCH/RUR,$2404.08,Recently,"$101,432",0.01%
599,Bitcoin Cash,OKEx,ETC/BCH,$2303.85,Recently,"$101,045",0.01%
600,Bitcoin Cash,CEX.IO,BCH/EUR,$2517.89,Recently,"$100,734",0.01%
601,Bitcoin Cash,WEX,BCH/ETH,$2315.88,Recently,"$100,399",0.01%
602,Bitcoin Cash,Bitsane,BCH/BTC,$2356.62,Recently,"$97,519",0.01%
603,Bitcoin Cash,Quoine,BCH/SGD,$2073.73,Recently,"$88,179",0.01%
604,Bitcoin Cash,BTC Markets,BCH/BTC,$2325.96,Recently,"$85,536",0.01%
605,Bitcoin Cash,Altcoin Trader,BCC/ZAR,$2859.78,Recently,"$82,464",0.01%
606,Bitcoin Cash,Tidex,BCH/WAVES,$2401.04,Recently,"$80,525",0.01%
607,Bitcoin Cash,The Rock Trading,BCH/BTC,$2353.33,Recently,"$77,376",0.01%
608,Bitcoin Cash,Bitsane,BCH/EUR,$2399.17,Recently,"$75,221",0.01%
609,Bitcoin Cash,Cryptox,BCC/BTC,$2451.44,Recently,"$68,976",0.01%
610,Bitcoin Cash,BitMarket,BCC/PLN,$2487.49,Recently,"$68,094",0.01%
611,Bitcoin Cash,Bit2C,BCH/ILS,$2618.62,Recently,"$67,193",0.01%
612,Bitcoin Cash,LiteBit.eu,BCC/EUR,$2344.75,Recently,"$64,775",0.01%
613,Bitcoin Cash,WEX,BCH/EUR,$2392.72,Recently,"$60,958",0.01%
614,Bitcoin Cash,Tidex,BCH/ETH,$2351.92,Recently,"$56,556",0.01%
615,Bitcoin Cash,Coinrail,BCH/KRW,$2697.02,Recently,"$49,762",0.00%
616,Bitcoin Cash,Kucoin,BCH/ETH,$2184.79,Recently,"$37,190",0.00%
617,Bitcoin Cash,DSX,BCC/USD,$2300.21,Recently,"$34,130",0.00%
618,Bitcoin Cash,Cryptopia,BCH/USDT,$2204.07,Recently,"$29,382",0.00%
619,Bitcoin Cash,Kucoin,BCH/KCS,$1908.93,Recently,"$28,497",0.00%
620,Bitcoin Cash,Bittylicious,BCH/GBP,$2544.55,Recently,"$23,562",0.00%
621,Bitcoin Cash,OKEx,BCD/BCH,$2877.39,Recently,"$23,525",0.00%
622,Bitcoin Cash,Waves Decentralized Exchange,BCC/BTC,$2417.63,Recently,"$23,463",0.00%
623,Bitcoin Cash,Bibox,BCH/ETH,$2453.38,Recently,"$22,080",0.00%
624,Bitcoin Cash,Cryptopia,BCH/LTC,$2362.30,Recently,"$20,727",0.00%
625,Bitcoin Cash,Bleutrade,BCC/BTC,$2360.17,Recently,"$19,061",0.00%
626,Bitcoin Cash,OKEx,ACT/BCH,$2352.90,Recently,"$18,338",0.00%
627,Bitcoin Cash,BitBay,BCC/EUR,$2519.69,Recently,"$17,134",0.00%
628,Bitcoin Cash,Bitsane,XRP/BCH,$2310.49,Recently,"$16,893",0.00%
629,Bitcoin Cash,Gatecoin,BCH/BTC,$2378.36,Recently,"$15,152",0.00%
630,Bitcoin Cash,OKEx,BCX/BCH,$3628.26,Recently,"$15,005",0.00%
631,Bitcoin Cash,Independent Reserve,BCH/NZD,$2401.17,Recently,"$14,411",0.00%
632,Bitcoin Cash,Trade Satoshi,BCH/BTC,$2189.21,Recently,"$12,232",0.00%
633,Bitcoin Cash,Negocie Coins,BCH/BRL,$2658.01,Recently,"$12,221",0.00%
634,Bitcoin Cash,Stocks.Exchange,BCH/BTC,$2243.88,Recently,"$11,880",0.00%
635,Bitcoin Cash,Independent Reserve,BCH/USD,$2301.69,5 hours ago,"$9,667",0.00%
636,Bitcoin Cash,Kuna,BCH/BTC,$2367.01,Recently,"$9,513",0.00%
637,Bitcoin Cash,Braziliex,BCH/BRL,$2566.81,Recently,"$9,212",0.00%
638,Bitcoin Cash,SurBTC,BCH/CLP,$2602.88,Recently,"$9,197",0.00%
639,Bitcoin Cash,Cryptopia,BCH/DOGE,$2229.16,Recently,"$7,674",0.00%
640,Bitcoin Cash,Abucoins,BCH/PLN,$2529.65,Recently,"$7,368",0.00%
641,Bitcoin Cash,Kucoin,BCH/USDT,$2401.23,Recently,"$7,268",0.00%
642,Bitcoin Cash,SurBTC,BCH/COP,$2679.40,Recently,"$6,033",0.00%
643,Bitcoin Cash,Kucoin,BCH/NEO,$2296.74,Recently,"$5,059",0.00%
644,Bitcoin Cash,Livecoin,BCH/ETH,$2323.16,Recently,"$4,971",0.00%
645,Bitcoin Cash,OKEx,DGD/BCH,$2888.77,Recently,"$4,188",0.00%
646,Bitcoin Cash,BitBay,BCC/USD,$2683.11,Recently,"$4,146",0.00%
647,Bitcoin Cash,Abucoins,BCH/USD,$2494.26,Recently,"$3,968",0.00%
648,Bitcoin Cash,Abucoins,BCH/EUR,$2494.38,Recently,"$2,818",0.00%
649,Bitcoin Cash,Trade Satoshi,COLX/BCH,$1252.42,Recently,"$2,707",0.00%
650,Bitcoin Cash,OKEx,DASH/BCH,$2338.48,Recently,"$2,693",0.00%
651,Bitcoin Cash,Qryptos,BCH/BTC,$2250.71,Recently,"$2,662",0.00%
652,Bitcoin Cash,Waves Decentralized Exchange,BCC/WAVES,$2480.23,Recently,"$2,077",0.00%
653,Bitcoin Cash,COSS,BCH/BTC,$2161.79,Recently,"$1,659",0.00%
654,Bitcoin Cash,Bitsane,ETH/BCH,$2303.03,Recently,"$1,413",0.00%
655,Bitcoin Cash,Coinroom,BCC/PLN,$2584.47,Recently,"$1,408",0.00%
656,Bitcoin Cash,COSS,BCH/ETH,$1966.67,Recently,"$1,357",0.00%
657,Bitcoin Cash,Bitsane,DASH/BCH,$2337.47,12 hours ago,$809,0.00%
658,Bitcoin Cash,SurBTC,BCH/BTC,$2494.94,Recently,$518,0.00%
659,Bitcoin Cash,OKEx,AVT/BCH,$2154.25,Recently,$503,0.00%
660,Bitcoin Cash,SouthXchange,BCH/BTC,$2341.27,Recently,$486,0.00%
661,Bitcoin Cash,SouthXchange,BCH/USD,$2346.10,Recently,$440,0.00%
662,Bitcoin Cash,Livecoin,BCH/RUR,$2915.47,Recently,$282,0.00%
663,Bitcoin Cash,Bitsane,BCH/USD,$2596.96,Recently,$260,0.00%
664,Bitcoin Cash,Bitsane,LTC/BCH,$2356.75,Recently,$60,0.00%
665,Bitcoin Cash,Bleutrade,BCC/DOGE,$2135.22,Recently,$36,0.00%
666,Bitcoin Cash,CoinFalcon,BCH/BTC,$2372.07,Recently,$33,0.00%
667,Bitcoin Cash,Trade Satoshi,BCH/LTC,$2956.71,Recently,$7,0.00%
668,Bitcoin Cash,Trade Satoshi,BCH/DOGE,$1999.68,Recently,$7,0.00%
669,Bitcoin Cash,BTCC,BCC/BTC,$2477.23,Recently,$0,0.00%
670,Bitcoin Cash,Cryptomate,BCH/GBP,$2646.80,Recently,$0,0.00%
671,Bitcoin Cash,Waves Decentralized Exchange,BCC/USD,$2007.00,Recently,$0,0.00%
672,Bitcoin Cash,SurBTC,BCH/PEN,$2169.11,Recently,$0,0.00%
673,Bitcoin Cash,Braziliex,BCH/BTC,$2216.50,Recently,$0,0.00%
674,Bitcoin Cash,QBTC,BCH/BTC,$2163.14,Recently,$0,0.00%
675,Bitcoin Cash,Coinbene,BCH/USDT,$2001.86,Recently,$0,0.00%
676,Bitcoin Cash,Trade Satoshi,HTML/BCH,$2973.04,Recently,$0,0.00%
677,Bitcoin Cash,GOPAX,BCH/KRW,$3076.88,Recently,"$249,020",0.00%
678,Bitcoin Cash,ACX,BCH/AUD,$2537.04,Recently,"$3,261",0.00%
679,Bitcoin Cash,BITHOLIC,BCH/BTC,$1171.19,Recently,$0,0.00%
680,Bitcoin,Bitfinex,BTC/USD,$13385.00,Recently,"$538,913,000",4.74%
681,Bitcoin,Binance,XVG/BTC,$13258.10,Recently,"$460,540,000",4.05%
682,Bitcoin,Binance,XRP/BTC,$13669.00,Recently,"$308,947,000",2.72%
683,Bitcoin,OKEx,BTC/USDT,$13338.40,Recently,"$292,247,000",2.57%
684,Bitcoin,bitFlyer,BTC/JPY,$14626.40,Recently,"$287,270,000",2.53%
685,Bitcoin,Bittrex,XVG/BTC,$12770.70,Recently,"$286,328,000",2.52%
686,Bitcoin,Binance,TRX/BTC,$13765.20,Recently,"$266,633,000",2.35%
687,Bitcoin,Bittrex,XRP/BTC,$13702.30,Recently,"$254,029,000",2.24%
688,Bitcoin,Poloniex,XRP/BTC,$13651.00,Recently,"$247,024,000",2.17%
689,Bitcoin,BTCC,BTC/USD,$15400.00,Recently,"$237,160,000",2.09%
690,Bitcoin,Bithumb,BTC/KRW,$17767.80,Recently,"$235,671,000",2.07%
691,Bitcoin,GDAX,BTC/USD,$13475.00,Recently,"$233,317,000",2.05%
692,Bitcoin,Binance,ETH/BTC,$13394.30,Recently,"$232,900,000",2.05%
693,Bitcoin,OKEx,BCC/BTC,$13527.90,Recently,"$196,281,000",1.73%
694,Bitcoin,HitBTC,BCH/BTC,$13505.30,Recently,"$167,704,000",1.48%
695,Bitcoin,OKEx,ETH/BTC,$13351.80,Recently,"$152,839,000",1.34%
696,Bitcoin,Bitstamp,BTC/USD,$13463.60,Recently,"$145,836,000",1.28%
697,Bitcoin,Binance,BTC/USDT,$13346.60,Recently,"$145,306,000",1.28%
698,Bitcoin,HitBTC,XRP/BTC,$13643.40,Recently,"$124,424,000",1.09%
699,Bitcoin,Binance,BCC/BTC,$13547.70,Recently,"$121,898,000",1.07%
700,Bitcoin,Huobi,BTC/USDT,$13373.40,Recently,"$111,118,000",0.98%
701,Bitcoin,Bittrex,NXT/BTC,$13921.30,Recently,"$109,208,000",0.96%
702,Bitcoin,Gemini,BTC/USD,$13380.00,Recently,"$102,906,000",0.91%
703,Bitcoin,Bittrex,ADA/BTC,$13765.80,Recently,"$98,066,800",0.86%
704,Bitcoin,Poloniex,BTC/USDT,$13339.90,Recently,"$86,514,800",0.76%
705,Bitcoin,Bitfinex,XRP/BTC,$13651.00,Recently,"$86,349,200",0.76%
706,Bitcoin,Binance,ADA/BTC,$13558.20,Recently,"$77,740,100",0.68%
707,Bitcoin,Bit-Z,ETH/BTC,$13430.30,Recently,"$75,515,200",0.66%
708,Bitcoin,Bittrex,BTC/USDT,$13409.50,Recently,"$75,445,600",0.66%
709,Bitcoin,Binance,HSR/BTC,$14366.70,Recently,"$72,794,900",0.64%
710,Bitcoin,Bittrex,XLM/BTC,$13739.00,Recently,"$70,714,200",0.62%
711,Bitcoin,HitBTC,ETH/BTC,$13424.50,Recently,"$70,156,800",0.62%
712,Bitcoin,Bit-Z,BCH/BTC,$13548.00,Recently,"$68,723,300",0.60%
713,Bitcoin,Kraken,BTC/EUR,$13965.80,Recently,"$67,639,400",0.60%
714,Bitcoin,OKEx,LTC/BTC,$13522.00,Recently,"$66,895,500",0.59%
715,Bitcoin,OKEx,ITC/BTC,$14124.20,Recently,"$65,882,900",0.58%
716,Bitcoin,Bittrex,CANN/BTC,$13441.00,Recently,"$65,480,300",0.58%
717,Bitcoin,HitBTC,BTC/USDT,$13393.40,Recently,"$63,628,100",0.56%
718,Bitcoin,Bittrex,ETH/BTC,$13413.30,Recently,"$61,570,200",0.54%
719,Bitcoin,Binance,IOTA/BTC,$13329.70,Recently,"$59,980,000",0.53%
720,Bitcoin,Binance,POE/BTC,$13575.20,Recently,"$57,431,800",0.51%
721,Bitcoin,Bittrex,OMG/BTC,$13086.40,Recently,"$56,642,400",0.50%
722,Bitcoin,Binance,XLM/BTC,$13614.30,Recently,"$56,182,200",0.49%
723,Bitcoin,Binance,LTC/BTC,$13551.30,Recently,"$54,157,500",0.48%
724,Bitcoin,OKEx,ELF/BTC,$13685.50,Recently,"$52,821,900",0.46%
725,Bitcoin,Poloniex,ETH/BTC,$13433.90,Recently,"$50,280,000",0.44%
726,Bitcoin,Binance,QTUM/BTC,$13268.00,Recently,"$50,120,700",0.44%
727,Bitcoin,Poloniex,STR/BTC,$13776.40,Recently,"$50,069,000",0.44%
728,Bitcoin,Binance,NEO/BTC,$13279.00,Recently,"$48,974,000",0.43%
729,Bitcoin,Huobi,QTUM/BTC,$13344.60,Recently,"$47,686,100",0.42%
730,Bitcoin,Binance,FUN/BTC,$13403.10,Recently,"$44,428,900",0.39%
731,Bitcoin,Coinone,BTC/KRW,$17808.10,Recently,"$43,906,300",0.39%
732,Bitcoin,Binance,ELF/BTC,$13589.10,Recently,"$41,539,800",0.37%
733,Bitcoin,Lbank,QTUM/BTC,$13299.70,Recently,"$40,508,600",0.36%
734,Bitcoin,OKEx,ETC/BTC,$13334.90,Recently,"$39,906,800",0.35%
735,Bitcoin,Bitfinex,ETH/BTC,$13431.40,Recently,"$39,676,700",0.35%
736,Bitcoin,Bitstamp,BTC/EUR,$13511.70,Recently,"$37,380,700",0.33%
737,Bitcoin,BitGrail,XRB/BTC,$13492.90,Recently,"$36,862,500",0.32%
738,Bitcoin,GDAX,BTC/EUR,$14188.70,Recently,"$36,785,000",0.32%
739,Bitcoin,Bittrex,SNT/BTC,$13301.90,Recently,"$35,935,100",0.32%
740,Bitcoin,Korbit,BTC/KRW,$17801.10,Recently,"$35,900,800",0.32%
741,Bitcoin,Binance,OMG/BTC,$13319.50,Recently,"$35,634,300",0.31%
742,Bitcoin,Bittrex,RDD/BTC,$13486.00,Recently,"$31,888,800",0.28%
743,Bitcoin,Bittrex,BCC/BTC,$13522.60,Recently,"$31,734,000",0.28%
744,Bitcoin,Bittrex,AMP/BTC,$13706.70,Recently,"$31,602,600",0.28%
745,Bitcoin,Bittrex,ZCL/BTC,$13515.10,Recently,"$30,017,000",0.26%
746,Bitcoin,Bit-Z,LTC/BTC,$13477.90,Recently,"$29,998,400",0.26%
747,Bitcoin,Bitfinex,BTC/EUR,$13422.80,Recently,"$29,754,600",0.26%
748,Bitcoin,CEX.IO,BTC/USD,$15075.90,Recently,"$28,979,700",0.26%
749,Bitcoin,Kraken,BTC/USD,$13608.50,Recently,"$28,834,500",0.25%
750,Bitcoin,Bittrex,FUN/BTC,$13959.80,Recently,"$28,237,700",0.25%
751,Bitcoin,Bitstamp,XRP/BTC,$13659.50,Recently,"$27,916,300",0.25%
752,Bitcoin,Poloniex,NXT/BTC,$13973.70,Recently,"$27,871,700",0.25%
753,Bitcoin,Bittrex,LTC/BTC,$13444.90,Recently,"$27,217,200",0.24%
754,Bitcoin,CoinsBank,BTC/USD,$13214.70,Recently,"$27,047,800",0.24%
755,Bitcoin,Kraken,XRP/BTC,$13587.90,Recently,"$26,897,100",0.24%
756,Bitcoin,Binance,VEN/BTC,$13569.50,Recently,"$26,877,000",0.24%
757,Bitcoin,EXX,INK/BTC,$13048.50,Recently,"$26,386,900",0.23%
758,Bitcoin,Binance,REQ/BTC,$14100.10,Recently,"$26,383,800",0.23%
759,Bitcoin,OKEx,HSR/BTC,$13910.30,Recently,"$26,193,200",0.23%
760,Bitcoin,itBit,BTC/USD,$13418.00,Recently,"$26,182,800",0.23%
761,Bitcoin,Binance,BNB/BTC,$13528.30,Recently,"$25,845,400",0.23%
762,Bitcoin,Binance,QSP/BTC,$13401.90,Recently,"$25,597,200",0.23%
763,Bitcoin,Bittrex,ARDR/BTC,$14200.90,Recently,"$25,565,800",0.22%
764,Bitcoin,Bittrex,NEO/BTC,$13353.30,Recently,"$25,036,100",0.22%
765,Bitcoin,HitBTC,DASH/BTC,$13621.70,Recently,"$24,906,200",0.22%
766,Bitcoin,HitBTC,XMR/BTC,$13471.60,Recently,"$24,789,300",0.22%
767,Bitcoin,CoinEgg,ETH/BTC,$13211.70,Recently,"$24,490,800",0.22%
768,Bitcoin,Bittrex,DGB/BTC,$13694.30,Recently,"$23,909,100",0.21%
769,Bitcoin,Huobi,HSR/BTC,$14191.00,Recently,"$23,708,400",0.21%
770,Bitcoin,Bittrex,DOPE/BTC,$13792.20,Recently,"$23,573,600",0.21%
771,Bitcoin,Binance,ICX/BTC,$13108.20,Recently,"$23,556,400",0.21%
772,Bitcoin,Tidex,WAVES/BTC,$13677.80,Recently,"$23,309,800",0.21%
773,Bitcoin,CoinsBank,BTC/GBP,$13403.20,Recently,"$22,908,100",0.20%
774,Bitcoin,CoinEgg,TRX/BTC,$14072.00,Recently,"$22,757,300",0.20%
775,Bitcoin,CoinsBank,BTC/EUR,$13627.00,Recently,"$21,953,200",0.19%
776,Bitcoin,Binance,EOS/BTC,$13270.60,Recently,"$21,858,800",0.19%
777,Bitcoin,OKEx,ICX/BTC,$13327.70,Recently,"$21,542,500",0.19%
778,Bitcoin,Bittrex,STORJ/BTC,$13633.30,Recently,"$21,102,000",0.19%
779,Bitcoin,Huobi,XRP/BTC,$13596.80,Recently,"$20,963,900",0.18%
780,Bitcoin,Bittrex,QTUM/BTC,$13313.20,Recently,"$20,165,800",0.18%
781,Bitcoin,Exmo,BTC/USD,$14630.00,Recently,"$20,031,600",0.18%
782,Bitcoin,Binance,LEND/BTC,$13878.60,Recently,"$19,905,500",0.18%
783,Bitcoin,Huobi,ETH/BTC,$13415.70,Recently,"$19,800,400",0.17%
784,Bitcoin,Allcoin,HSR/BTC,$13290.30,Recently,"$19,599,000",0.17%
785,Bitcoin,Binance,MCO/BTC,$13526.20,Recently,"$19,492,300",0.17%
786,Bitcoin,Bittrex,POT/BTC,$13511.70,Recently,"$19,287,200",0.17%
787,Bitcoin,Poloniex,LTC/BTC,$13468.30,Recently,"$19,281,700",0.17%
788,Bitcoin,HitBTC,ZEC/BTC,$13649.60,Recently,"$18,747,200",0.16%
789,Bitcoin,Bit-Z,FCT/BTC,$13559.00,Recently,"$18,612,200",0.16%
790,Bitcoin,OKEx,EOS/BTC,$13306.00,Recently,"$18,590,900",0.16%
791,Bitcoin,Liqui,TRX/BTC,$14480.80,Recently,"$18,528,700",0.16%
792,Bitcoin,YoBit,DASH/BTC,$13432.70,Recently,"$18,411,600",0.16%
793,Bitcoin,Bitfinex,BCH/BTC,$13527.80,Recently,"$18,206,500",0.16%
794,Bitcoin,Bittrex,XEM/BTC,$13908.80,Recently,"$18,011,900",0.16%
795,Bitcoin,Huobi,ELF/BTC,$13534.00,Recently,"$17,885,100",0.16%
796,Bitcoin,Poloniex,XEM/BTC,$13837.20,Recently,"$17,740,800",0.16%
797,Bitcoin,Poloniex,BCH/BTC,$13548.30,Recently,"$17,450,900",0.15%
798,Bitcoin,Binance,SNT/BTC,$13344.40,Recently,"$17,314,600",0.15%
799,Bitcoin,Binance,STORJ/BTC,$13614.20,Recently,"$17,035,700",0.15%
800,Bitcoin,Bittrex,THC/BTC,$13356.50,Recently,"$16,962,600",0.15%
801,Bitcoin,Binance,TNB/BTC,$13619.20,Recently,"$16,950,400",0.15%
802,Bitcoin,Bittrex,PAY/BTC,$13641.30,Recently,"$16,884,400",0.15%
803,Bitcoin,Binance,BRD/BTC,$13581.20,Recently,"$16,707,600",0.15%
804,Bitcoin,Poloniex,OMG/BTC,$13345.30,Recently,"$16,611,400",0.15%
805,Bitcoin,GDAX,LTC/BTC,$13421.80,Recently,"$16,541,000",0.15%
806,Bitcoin,GDAX,ETH/BTC,$13376.30,Recently,"$16,520,900",0.15%
807,Bitcoin,Binance,WABI/BTC,$13446.50,Recently,"$16,336,900",0.14%
808,Bitcoin,Huobi,WAX/BTC,$13738.30,Recently,"$16,321,000",0.14%
809,Bitcoin,Poloniex,DGB/BTC,$13586.40,Recently,"$16,270,700",0.14%
810,Bitcoin,Bitfinex,LTC/BTC,$13472.10,Recently,"$16,270,100",0.14%
811,Bitcoin,Bitfinex,OMG/BTC,$13156.60,Recently,"$16,089,000",0.14%
812,Bitcoin,CoinEgg,NEO/BTC,$13433.30,Recently,"$15,979,100",0.14%
813,Bitcoin,Bittrex,VOX/BTC,$13805.30,Recently,"$15,616,600",0.14%
814,Bitcoin,Binance,MOD/BTC,$13554.20,Recently,"$15,543,500",0.14%
815,Bitcoin,Binance,OAX/BTC,$13538.50,Recently,"$15,518,300",0.14%
816,Bitcoin,BitBay,BTC/PLN,$14362.00,Recently,"$15,289,600",0.13%
817,Bitcoin,YoBit,ETH/BTC,$13475.40,Recently,"$15,238,000",0.13%
818,Bitcoin,BCC Exchange,BCC/BTC,$14134.90,Recently,"$15,219,300",0.13%
819,Bitcoin,Binance,DASH/BTC,$13582.00,Recently,"$15,176,500",0.13%
820,Bitcoin,CoinExchange,XP/BTC,$13367.10,Recently,"$14,672,200",0.13%
821,Bitcoin,Bittrex,POWR/BTC,$13717.30,Recently,"$14,587,300",0.13%
822,Bitcoin,Bittrex,SC/BTC,$13634.30,Recently,"$14,485,500",0.13%
823,Bitcoin,Bitfinex,MIOTA/BTC,$13368.20,Recently,"$14,048,300",0.12%
824,Bitcoin,Bittrex,RCN/BTC,$13708.10,Recently,"$13,933,500",0.12%
825,Bitcoin,Livecoin,ETH/BTC,$13462.60,Recently,"$13,706,500",0.12%
826,Bitcoin,Binance,CDT/BTC,$13371.90,Recently,"$13,446,800",0.12%
827,Bitcoin,Binance,WTC/BTC,$14374.20,Recently,"$12,901,400",0.11%
828,Bitcoin,Binance,ETC/BTC,$13311.60,Recently,"$12,856,100",0.11%
829,Bitcoin,Bittrex,TRIG/BTC,$13614.70,Recently,"$12,769,800",0.11%
830,Bitcoin,Bit-Z,LSK/BTC,$13723.30,Recently,"$12,631,800",0.11%
831,Bitcoin,Binance,XMR/BTC,$13455.90,Recently,"$12,454,200",0.11%
832,Bitcoin,Binance,CND/BTC,$13626.40,Recently,"$12,315,200",0.11%
833,Bitcoin,Bittrex,STRAT/BTC,$13697.20,Recently,"$12,263,800",0.11%
834,Bitcoin,Bittrex,DOGE/BTC,$13584.70,Recently,"$12,204,400",0.11%
835,Bitcoin,Bittrex,LSK/BTC,$13605.80,Recently,"$11,674,700",0.10%
836,Bitcoin,Binance,POWR/BTC,$13719.00,Recently,"$11,473,500",0.10%
837,Bitcoin,Bittrex,ETC/BTC,$13337.50,Recently,"$11,321,500",0.10%
838,Bitcoin,Cryptopia,XVG/BTC,$13194.00,Recently,"$11,214,400",0.10%
839,Bitcoin,Huobi,BCH/BTC,$13537.40,Recently,"$11,152,800",0.10%
840,Bitcoin,Binance,LSK/BTC,$13710.40,Recently,"$11,031,200",0.10%
841,Bitcoin,Kraken,ETH/BTC,$13460.50,Recently,"$11,004,600",0.10%
842,Bitcoin,Kraken,XLM/BTC,$13505.40,Recently,"$10,801,500",0.10%
843,Bitcoin,Negocie Coins,BTC/BRL,$14797.20,Recently,"$10,626,300",0.09%
844,Bitcoin,Paribu,BTC/TRY,$13965.00,Recently,"$10,321,400",0.09%
845,Bitcoin,Binance,ADX/BTC,$13563.80,Recently,"$10,149,800",0.09%
846,Bitcoin,CoinEgg,QTUM/BTC,$13457.60,Recently,"$10,022,700",0.09%
847,Bitcoin,Poloniex,FCT/BTC,$13559.00,Recently,"$9,905,980",0.09%
848,Bitcoin,Huobi,VEN/BTC,$13744.00,Recently,"$9,872,220",0.09%
849,Bitcoin,Bittrex,SALT/BTC,$13618.30,Recently,"$9,864,800",0.09%
850,Bitcoin,Coinnest,BTC/KRW,$15927.80,Recently,"$9,849,540",0.09%
851,Bitcoin,Bit-Z,ZEC/BTC,$13707.20,Recently,"$9,847,200",0.09%
852,Bitcoin,Poloniex,DOGE/BTC,$13584.70,Recently,"$9,810,440",0.09%
853,Bitcoin,Bittrex,VIB/BTC,$13595.10,Recently,"$9,806,960",0.09%
854,Bitcoin,Binance,BTS/BTC,$14022.50,Recently,"$9,786,500",0.09%
855,Bitcoin,Bittrex,HMQ/BTC,$13738.90,Recently,"$9,630,510",0.08%
856,Bitcoin,Bit-Z,ETC/BTC,$13194.60,Recently,"$9,587,500",0.08%
857,Bitcoin,Lbank,VEN/BTC,$13495.40,Recently,"$9,519,490",0.08%
858,Bitcoin,Lbank,BCC/BTC,$13317.80,Recently,"$9,435,970",0.08%
859,Bitcoin,Huobi,ITC/BTC,$14163.40,Recently,"$9,401,760",0.08%
860,Bitcoin,Bittrex,BTG/BTC,$13525.10,Recently,"$9,298,980",0.08%
861,Bitcoin,Bitstamp,BCH/BTC,$13556.50,Recently,"$9,288,600",0.08%
862,Bitcoin,CoolCoin,ETH/BTC,$13475.40,Recently,"$9,073,500",0.08%
863,Bitcoin,WEX,BTC/USD,$13449.80,Recently,"$8,984,380",0.08%
864,Bitcoin,Binance,SALT/BTC,$13580.20,Recently,"$8,834,440",0.08%
865,Bitcoin,Bitstamp,ETH/BTC,$13413.40,Recently,"$8,733,170",0.08%
866,Bitcoin,CoolCoin,BCH/BTC,$14980.10,Recently,"$8,721,290",0.08%
867,Bitcoin,Poloniex,XMR/BTC,$13505.90,Recently,"$8,649,850",0.08%
868,Bitcoin,Binance,TRIG/BTC,$13561.30,Recently,"$8,624,810",0.08%
869,Bitcoin,Binance,ZRX/BTC,$13614.20,Recently,"$8,602,430",0.08%
870,Bitcoin,Gate.io,INK/BTC,$13815.40,Recently,"$8,560,220",0.08%
871,Bitcoin,Exmo,XRP/BTC,$13516.10,Recently,"$8,550,300",0.08%
872,Bitcoin,RightBTC,ETH/BTC,$13418.30,Recently,"$8,507,600",0.07%
873,Bitcoin,YoBit,WAVES/BTC,$13778.60,Recently,"$8,300,120",0.07%
874,Bitcoin,Poloniex,LSK/BTC,$13738.20,Recently,"$8,114,020",0.07%
875,Bitcoin,Poloniex,SC/BTC,$13761.70,Recently,"$8,045,840",0.07%
876,Bitcoin,OKEx,QTUM/BTC,$13292.00,Recently,"$8,018,480",0.07%
877,Bitcoin,Bittrex,SYS/BTC,$13633.20,Recently,"$7,970,290",0.07%
878,Bitcoin,Bittrex,DASH/BTC,$13589.10,Recently,"$7,949,550",0.07%
879,Bitcoin,OKEx,OMG/BTC,$13385.00,Recently,"$7,947,420",0.07%
880,Bitcoin,Poloniex,ETC/BTC,$13172.90,Recently,"$7,860,500",0.07%
881,Bitcoin,Huobi,OMG/BTC,$13291.60,Recently,"$7,790,650",0.07%
882,Bitcoin,Poloniex,BTS/BTC,$13891.40,Recently,"$7,719,430",0.07%
883,Bitcoin,Binance,BQX/BTC,$13542.50,Recently,"$7,712,860",0.07%
884,Bitcoin,Mr. Exchange,BTC/ETH,$13466.80,Recently,"$7,632,250",0.07%
885,Bitcoin,Bittrex,GNT/BTC,$13335.30,Recently,"$7,620,400",0.07%
886,Bitcoin,GetBTC,BTC/USD,$13469.40,Recently,"$7,588,910",0.07%
887,Bitcoin,Coinroom,BTC/PLN,$13724.20,Recently,"$7,586,560",0.07%
888,Bitcoin,GetBTC,BTC/RUB,$13390.70,Recently,"$7,544,600",0.07%
889,Bitcoin,Luno,BTC/ZAR,$15761.30,Recently,"$7,532,400",0.07%
890,Bitcoin,Bittrex,DCT/BTC,$13623.50,Recently,"$7,484,010",0.07%
891,Bitcoin,GetBTC,BTC/EUR,$13244.60,Recently,"$7,462,300",0.07%
892,Bitcoin,Binance,ENJ/BTC,$13832.20,Recently,"$7,453,290",0.07%
893,Bitcoin,HitBTC,NXT/BTC,$13906.00,Recently,"$7,371,740",0.06%
894,Bitcoin,Bittrex,KMD/BTC,$13701.30,Recently,"$7,222,610",0.06%
895,Bitcoin,Bit-Z,TRX/BTC,$13805.30,Recently,"$7,165,650",0.06%
896,Bitcoin,CoinExchange,DOGE/BTC,$13800.40,Recently,"$7,127,120",0.06%
897,Bitcoin,Bittrex,XMR/BTC,$13401.80,Recently,"$7,071,360",0.06%
898,Bitcoin,CoinEgg,BCH/BTC,$13696.60,Recently,"$7,015,460",0.06%
899,Bitcoin,Binance,ENG/BTC,$13561.40,Recently,"$6,785,570",0.06%
900,Bitcoin,Binance,VIB/BTC,$13618.10,Recently,"$6,772,260",0.06%
901,Bitcoin,OEX,BTC/CNY,$15760.60,Recently,"$6,682,520",0.06%
902,Bitcoin,GDAX,BTC/GBP,$13669.90,Recently,"$6,657,330",0.06%
903,Bitcoin,Binance,MANA/BTC,$13706.30,Recently,"$6,656,270",0.06%
904,Bitcoin,Bittrex,BAT/BTC,$13630.70,Recently,"$6,639,080",0.06%
905,Bitcoin,Binance,STRAT/BTC,$13659.50,Recently,"$6,638,070",0.06%
906,Bitcoin,Binance,FUEL/BTC,$13578.20,Recently,"$6,602,170",0.06%
907,Bitcoin,Bitfinex,NEO/BTC,$13345.80,Recently,"$6,600,840",0.06%
908,Bitcoin,Bittrex,ADX/BTC,$13653.10,Recently,"$6,589,280",0.06%
909,Bitcoin,Livecoin,BTC/USD,$14336.90,Recently,"$6,572,820",0.06%
910,Bitcoin,Binance,WINGS/BTC,$13564.30,Recently,"$6,559,810",0.06%
911,Bitcoin,Binance,CMT/BTC,$13544.70,Recently,"$6,450,080",0.06%
912,Bitcoin,Poloniex,DASH/BTC,$13665.60,Recently,"$6,411,180",0.06%
913,Bitcoin,Bitfinex,ETC/BTC,$13235.60,Recently,"$6,402,740",0.06%
914,Bitcoin,Bittrex,RISE/BTC,$13656.40,Recently,"$6,401,680",0.06%
915,Bitcoin,YoBit,LSK/BTC,$13284.70,Recently,"$6,374,080",0.06%
916,Bitcoin,Huobi,EOS/BTC,$13248.30,Recently,"$6,264,800",0.06%
917,Bitcoin,Bittrex,XZC/BTC,$14261.40,Recently,"$6,254,900",0.06%
918,Bitcoin,Mercatox,XRB/BTC,$14328.10,Recently,"$6,243,960",0.05%
919,Bitcoin,Gate.io,BTC/USDT,$13264.30,Recently,"$6,174,770",0.05%
920,Bitcoin,Bitcoin Indonesia,BTC/IDR,$16080.90,Recently,"$6,167,830",0.05%
921,Bitcoin,Binance,DNT/BTC,$13833.60,Recently,"$6,157,600",0.05%
922,Bitcoin,BTC Markets,BTC/AUD,$14563.20,Recently,"$6,155,930",0.05%
923,Bitcoin,Poloniex,POT/BTC,$13548.50,Recently,"$6,153,510",0.05%
924,Bitcoin,Huobi,LTC/BTC,$13535.80,Recently,"$6,040,780",0.05%
925,Bitcoin,Tidex,ETH/BTC,$13369.60,Recently,"$5,919,490",0.05%
926,Bitcoin,Binance,BTG/BTC,$13625.60,Recently,"$5,912,890",0.05%
927,Bitcoin,Bitfinex,EOS/BTC,$13271.10,Recently,"$5,881,980",0.05%
928,Bitcoin,CoinEgg,INK/BTC,$13496.20,Recently,"$5,868,350",0.05%
929,Bitcoin,Bittrex,WAVES/BTC,$13731.10,Recently,"$5,779,310",0.05%
930,Bitcoin,HitBTC,BTG/BTC,$13611.70,Recently,"$5,776,700",0.05%
931,Bitcoin,Bittrex,MCO/BTC,$13502.70,Recently,"$5,769,780",0.05%
932,Bitcoin,OKEx,MANA/BTC,$13324.00,Recently,"$5,746,540",0.05%
933,Bitcoin,Binance,CTR/BTC,$13582.30,Recently,"$5,745,970",0.05%
934,Bitcoin,Binance,ARK/BTC,$13586.30,Recently,"$5,743,520",0.05%
935,Bitcoin,BTCTurk,BTC/TRY,$14225.80,Recently,"$5,641,960",0.05%
936,Bitcoin,Binance,LINK/BTC,$13368.70,Recently,"$5,609,720",0.05%
937,Bitcoin,Bibox,BIX/BTC,$13261.30,Recently,"$5,597,110",0.05%
938,Bitcoin,Binance,SUB/BTC,$13618.50,Recently,"$5,559,650",0.05%
939,Bitcoin,Binance,KMD/BTC,$13638.30,Recently,"$5,511,570",0.05%
940,Bitcoin,Bittrex,PIVX/BTC,$13285.50,Recently,"$5,483,980",0.05%
941,Bitcoin,Bittrex,MTL/BTC,$13465.30,Recently,"$5,455,350",0.05%
942,Bitcoin,CEX.IO,XRP/BTC,$13530.90,Recently,"$5,421,340",0.05%
943,Bitcoin,Bittrex,UNB/BTC,$13633.20,Recently,"$5,397,840",0.05%
944,Bitcoin,Bittrex,SHIFT/BTC,$13649.20,Recently,"$5,394,420",0.05%
945,Bitcoin,Bittrex,GUP/BTC,$13687.60,Recently,"$5,383,220",0.05%
946,Bitcoin,Bit-Z,DASH/BTC,$13613.90,Recently,"$5,271,790",0.05%
947,Bitcoin,Bitstamp (Ripple Gateway),XRP/BTC,$15256.90,Recently,"$5,263,360",0.05%
948,Bitcoin,Bittrex,VTC/BTC,$13591.00,Recently,"$5,243,660",0.05%
949,Bitcoin,HitBTC,XVG/BTC,$12478.80,Recently,"$5,231,790",0.05%
950,Bitcoin,QuadrigaCX,BTC/CAD,$14306.00,Recently,"$5,199,290",0.05%
951,Bitcoin,HitBTC,XEM/BTC,$13828.30,Recently,"$5,164,540",0.05%
952,Bitcoin,Binance,OST/BTC,$13509.20,Recently,"$5,130,970",0.05%
953,Bitcoin,Poloniex,STORJ/BTC,$13812.60,Recently,"$5,111,660",0.04%
954,Bitcoin,Gemini,ETH/BTC,$13344.40,Recently,"$5,101,400",0.04%
955,Bitcoin,Poloniex,AMP/BTC,$15599.00,Recently,"$5,086,950",0.04%
956,Bitcoin,Bittrex,SLS/BTC,$13765.00,Recently,"$5,076,360",0.04%
957,Bitcoin,Bittrex,BITB/BTC,$13502.60,Recently,"$5,044,840",0.04%
958,Bitcoin,Exmo,BTC/RUB,$14924.40,Recently,"$5,034,840",0.04%
959,Bitcoin,Bittrex,ZEN/BTC,$13639.50,Recently,"$5,030,230",0.04%
960,Bitcoin,HitBTC,STORM/BTC,$13545.30,Recently,"$4,921,730",0.04%
961,Bitcoin,Huobi,CVC/BTC,$13621.60,Recently,"$4,872,970",0.04%
962,Bitcoin,HitBTC,XDN/BTC,$13920.70,Recently,"$4,867,380",0.04%
963,Bitcoin,Binance,AST/BTC,$13482.90,Recently,"$4,866,000",0.04%
964,Bitcoin,Bit-Z,XAS/BTC,$13684.90,Recently,"$4,835,430",0.04%
965,Bitcoin,Binance,XZC/BTC,$14171.70,Recently,"$4,812,170",0.04%
966,Bitcoin,Bittrex,FCT/BTC,$13483.80,Recently,"$4,809,870",0.04%
967,Bitcoin,Bittrex,CVC/BTC,$13686.40,Recently,"$4,801,670",0.04%
968,Bitcoin,Binance,LRC/BTC,$13475.70,Recently,"$4,776,880",0.04%
969,Bitcoin,Binance,BAT/BTC,$13486.10,Recently,"$4,694,650",0.04%
970,Bitcoin,Binance,MTH/BTC,$13685.10,Recently,"$4,689,760",0.04%
971,Bitcoin,Bittrex,BAY/BTC,$13759.10,Recently,"$4,688,920",0.04%
972,Bitcoin,Poloniex,ARDR/BTC,$12336.50,Recently,"$4,663,300",0.04%
973,Bitcoin,CoolCoin,LTC/BTC,$13512.80,Recently,"$4,661,740",0.04%
974,Bitcoin,HitBTC,DOGE/BTC,$13563.50,Recently,"$4,632,240",0.04%
975,Bitcoin,Binance,GTO/BTC,$13631.80,Recently,"$4,613,270",0.04%
976,Bitcoin,Coinfloor,BTC/GBP,$13079.70,Recently,"$4,610,520",0.04%
977,Bitcoin,Binance,RDN/BTC,$13780.60,Recently,"$4,582,270",0.04%
978,Bitcoin,Bittrex,ZEC/BTC,$13608.90,Recently,"$4,567,800",0.04%
979,Bitcoin,Bit-Z,QTUM/BTC,$13363.40,Recently,"$4,487,780",0.04%
980,Bitcoin,Binance,MDA/BTC,$13596.80,Recently,"$4,444,140",0.04%
981,Bitcoin,Huobi,SMT/BTC,$13265.00,Recently,"$4,390,730",0.04%
982,Bitcoin,Kraken,BCH/BTC,$13453.60,Recently,"$4,375,660",0.04%
983,Bitcoin,Binance,MTL/BTC,$13577.10,Recently,"$4,357,240",0.04%
984,Bitcoin,Bit-Z,HSR/BTC,$14352.50,Recently,"$4,351,220",0.04%
985,Bitcoin,Gatecoin,TRX/BTC,$14262.70,Recently,"$4,329,630",0.04%
986,Bitcoin,CoinEgg,LSK/BTC,$14010.30,Recently,"$4,299,700",0.04%
987,Bitcoin,HitBTC,BCN/BTC,$13873.70,Recently,"$4,286,650",0.04%
988,Bitcoin,Cryptopia,ETN/BTC,$13584.60,Recently,"$4,266,010",0.04%
989,Bitcoin,OkCoin Intl.,BTC/USD,$14200.00,Recently,"$4,238,700",0.04%
990,Bitcoin,Bittrex,EDG/BTC,$13533.20,Recently,"$4,237,610",0.04%
991,Bitcoin,Koinex,BTC/INR,$18950.40,Recently,"$4,234,660",0.04%
992,Bitcoin,Kucoin,ETH/BTC,$13425.70,Recently,"$4,211,160",0.04%
993,Bitcoin,Bitstamp,LTC/BTC,$13465.70,Recently,"$4,176,510",0.04%
994,Bitcoin,Bittrex,AUR/BTC,$13560.30,Recently,"$4,173,920",0.04%
995,Bitcoin,Bitbank,BTC/JPY,$14676.00,Recently,"$4,145,510",0.04%
996,Bitcoin,Huobi,ZEC/BTC,$13699.10,Recently,"$4,132,580",0.04%
997,Bitcoin,ZB.COM,HSR/BTC,$14481.40,Recently,"$4,090,100",0.04%
998,Bitcoin,Bittrex,ENG/BTC,$13709.20,Recently,"$4,083,880",0.04%
999,Bitcoin,Gatehub,XRP/BTC,$13851.20,Recently,"$4,055,480",0.04%
1000,Bitcoin,Huobi,RCN/BTC,$13565.40,Recently,"$4,003,110",0.04%
1001,Bitcoin,Binance,AION/BTC,$13534.50,Recently,"$3,985,540",0.04%
1002,Bitcoin,HitBTC,LTC/BTC,$13521.20,Recently,"$3,983,440",0.04%
1003,Bitcoin,Bitfinex,DASH/BTC,$13577.40,Recently,"$3,958,360",0.03%
1004,Bitcoin,Bittrex,UBQ/BTC,$13756.70,Recently,"$3,928,620",0.03%
1005,Bitcoin,Binance,SNGLS/BTC,$13573.20,Recently,"$3,914,420",0.03%
1006,Bitcoin,Bittrex,MEME/BTC,$13794.90,Recently,"$3,850,910",0.03%
1007,Bitcoin,Bit-Z,BTX/BTC,$13635.50,Recently,"$3,843,490",0.03%
1008,Bitcoin,Bittrex,LUN/BTC,$13525.80,Recently,"$3,809,420",0.03%
1009,Bitcoin,Coinrail,DENT/BTC,$13684.10,Recently,"$3,787,410",0.03%
1010,Bitcoin,Binance,KNC/BTC,$13657.10,Recently,"$3,775,970",0.03%
1011,Bitcoin,AEX,BTC/BITCNY,$14131.50,Recently,"$3,749,440",0.03%
1012,Bitcoin,Kraken,LTC/BTC,$13455.60,Recently,"$3,746,350",0.03%
1013,Bitcoin,Bittrex,EMC2/BTC,$13327.50,Recently,"$3,725,210",0.03%
1014,Bitcoin,Bittrex,ARK/BTC,$13602.30,Recently,"$3,719,090",0.03%
1015,Bitcoin,Bittrex,MONA/BTC,$14173.10,Recently,"$3,708,100",0.03%
1016,Bitcoin,Cryptopia,LTC/BTC,$13626.10,Recently,"$3,677,850",0.03%
1017,Bitcoin,HitBTC,CAPP/BTC,$14590.40,79 hours ago,"$3,651,450",0.00%
1018,Bitcoin,Bittrex,UKG/BTC,$13813.30,Recently,"$3,649,480",0.03%
1019,Bitcoin,Bittrex,1ST/BTC,$13929.90,Recently,"$3,647,260",0.03%
1020,Bitcoin,BX Thailand,BTC/THB,$15571.30,Recently,"$3,647,020",0.03%
1021,Bitcoin,OKEx,KNC/BTC,$13616.10,Recently,"$3,622,090",0.03%
1022,Bitcoin,Kucoin,DBC/BTC,$13384.40,Recently,"$3,591,500",0.03%
1023,Bitcoin,YoBit,BCC/BTC,$13408.20,Recently,"$3,578,190",0.03%
1024,Bitcoin,Bittrex,TKS/BTC,$13634.50,Recently,"$3,558,460",0.03%
1025,Bitcoin,Bittrex,DNT/BTC,$14044.80,Recently,"$3,553,690",0.03%
1026,Bitcoin,Foxbit,BTC/BRL,$14280.50,Recently,"$3,553,510",0.03%
1027,Bitcoin,Bitcoin Indonesia,NXT/BTC,$13835.90,Recently,"$3,546,150",0.03%
1028,Bitcoin,Bittrex,SPR/BTC,$13455.70,Recently,"$3,514,890",0.03%
1029,Bitcoin,Huobi,STORJ/BTC,$13552.50,Recently,"$3,489,750",0.03%
1030,Bitcoin,Poloniex,MAID/BTC,$13305.00,Recently,"$3,487,800",0.03%
1031,Bitcoin,HitBTC,NGC/BTC,$13299.20,Recently,"$3,487,600",0.03%
1032,Bitcoin,Poloniex,ZEC/BTC,$13625.20,Recently,"$3,405,800",0.03%
1033,Bitcoin,Binance,LUN/BTC,$13798.40,Recently,"$3,404,220",0.03%
1034,Bitcoin,Huobi,ETC/BTC,$13207.30,Recently,"$3,401,450",0.03%
1035,Bitcoin,Bittrex,NBT/BTC,$13681.70,Recently,"$3,399,310",0.03%
1036,Bitcoin,Poloniex,GNT/BTC,$13268.10,Recently,"$3,381,310",0.03%
1037,Bitcoin,Bitso,BTC/MXN,$15499.20,Recently,"$3,373,840",0.03%
1038,Bitcoin,EXX,HSR/BTC,$14656.90,Recently,"$3,371,380",0.03%
1039,Bitcoin,The Rock Trading,BTC/EUR,$13519.30,Recently,"$3,332,640",0.03%
1040,Bitcoin,CoinsMarkets,ECA/BTC,$14258.60,Recently,"$3,325,290",0.03%
1041,Bitcoin,OKEx,IOTA/BTC,$13289.90,Recently,"$3,296,000",0.03%
1042,Bitcoin,Bitfinex,XMR/BTC,$13557.30,Recently,"$3,287,740",0.03%
1043,Bitcoin,Exmo,ETH/BTC,$13475.40,Recently,"$3,276,640",0.03%
1044,Bitcoin,Kucoin,UTK/BTC,$13558.40,Recently,"$3,269,820",0.03%
1045,Bitcoin,Kucoin,DRGN/BTC,$13339.20,Recently,"$3,224,770",0.03%
1046,Bitcoin,BitGrail,ETH/BTC,$14524.40,Recently,"$3,185,890",0.03%
1047,Bitcoin,Binance,GAS/BTC,$13804.70,Recently,"$3,181,280",0.03%
1048,Bitcoin,Bittrex,VIA/BTC,$13667.00,Recently,"$3,174,410",0.03%
1049,Bitcoin,Poloniex,STRAT/BTC,$13659.50,Recently,"$3,114,180",0.03%
1050,Bitcoin,Bit-Z,NULS/BTC,$13231.10,Recently,"$3,087,950",0.03%
1051,Bitcoin,Bittrex,LBC/BTC,$13640.40,Recently,"$3,069,440",0.03%
1052,Bitcoin,EXX,BCC/BTC,$13701.30,Recently,"$3,063,840",0.03%
1053,Bitcoin,HitBTC,ARDR/BTC,$12264.10,Recently,"$3,033,130",0.03%
1054,Bitcoin,Huobi,NAS/BTC,$13430.70,Recently,"$3,026,690",0.03%
1055,Bitcoin,Bittrex,QRL/BTC,$13810.70,Recently,"$3,004,470",0.03%
1056,Bitcoin,BitMarket,BTC/PLN,$14075.00,Recently,"$2,999,770",0.03%
1057,Bitcoin,Poloniex,ZRX/BTC,$13646.30,Recently,"$2,986,820",0.03%
1058,Bitcoin,Mercado Bitcoin,BTC/BRL,$14726.60,Recently,"$2,979,210",0.03%
1059,Bitcoin,CoinExchange,BCC/BTC,$14252.70,Recently,"$2,975,420",0.03%
1060,Bitcoin,Bitcoin Indonesia,STR/BTC,$13739.00,Recently,"$2,947,230",0.03%
1061,Bitcoin,Huobi,QSP/BTC,$13782.60,Recently,"$2,938,610",0.03%
1062,Bitcoin,BTC-Alpha,BTC/USD,$13416.00,Recently,"$2,900,640",0.03%
1063,Bitcoin,Binance,YOYO/BTC,$13183.10,Recently,"$2,891,020",0.03%
1064,Bitcoin,bitFlyer,BCH/BTC,$13431.90,Recently,"$2,886,860",0.03%
1065,Bitcoin,Cryptopia,ETH/BTC,$13500.30,Recently,"$2,872,010",0.03%
1066,Bitcoin,RightBTC,LTC/BTC,$13479.40,Recently,"$2,856,840",0.03%
1067,Bitcoin,Kucoin,RPX/BTC,$13722.60,Recently,"$2,829,990",0.02%
1068,Bitcoin,Kucoin,KCS/BTC,$13548.40,Recently,"$2,818,000",0.02%
1069,Bitcoin,BitMEX,BTC/USD,$13480.50,Recently,"$938,979,000",0.00%
1070,Bitcoin,BTCBOX,BTC/JPY,$14540.60,Recently,"$227,474,000",0.00%
1071,Bitcoin,Fisco,BTC/JPY,$14624.20,Recently,"$130,639,000",0.00%
1072,Bitcoin,Zaif,BTC/JPY,$14610.70,Recently,"$130,541,000",0.00%
1073,Bitcoin,Quoine,BTC/JPY,$14457.70,Recently,"$70,878,200",0.00%
1074,Bitcoin,ZB.COM,BTC/USDT,$15036.00,Recently,"$25,312,100",0.00%
1075,Bitcoin,Quoine,BTC/USD,$14398.50,Recently,"$16,101,200",0.00%
1076,Bitcoin,bitFlyer,BTC/USD,$13517.10,Recently,"$7,269,060",0.00%
1077,Bitcoin,Quoine,BTC/SGD,$14438.40,Recently,"$5,685,140",0.00%
1078,Bitcoin,Quoine,BTC/EUR,$14448.60,Recently,"$5,117,010",0.00%
1079,Bitcoin,Coinbene,PLAY/BTC,$2535.69,Recently,"$6,821,570,000",0.00%
